Residue,Location,Internal Avg,Internal SD,Internal SEM,vdW Avg,vdW SD,vdW SEM,Electrostatic Avg,Electrostatic SD,Electrostatic SEM,Polar Avg,Polar SD,Polar SEM,Nonpolar Avg,Nonpolar SD,Nonpolar SEM,Total Avg,Total SD,Total SEM,final_energy
HIE  85,R HIE  85,0.0,0.0,0.0,-1.3193124999999992,0.5741200178044236,0.028706000890221177,-7.445065000000002,1.3341115436030533,0.06670557718015266,4.979795000000001,0.4648010036294916,0.02324005018147458,-0.17965191599999997,0.032790630416083065,0.0016395315208041533,-3.9642344160000005,1.0898573765418493,0.054492868827092464,-3.96
SER 219,R SER 219,0.0,0.0,0.0,0.08699999999999998,0.7650852893632186,0.03825426446816093,-6.740865000000013,1.2741489519576545,0.06370744759788273,3.1333325000000007,0.5363915518944493,0.026819577594722466,-0.027764766000000024,0.009999381593220768,0.0004999690796610384,-3.548297265999998,0.6529886110953406,0.03264943055476703,-3.55
ASN 114,R ASN 114,0.0,0.0,0.0,-0.9385075,0.4074557398586358,0.02037278699293179,-6.0531074999999985,1.9941869072240341,0.09970934536120171,4.070115000000004,0.9078505971661609,0.045392529858308044,-0.048832883999999986,0.014983167850763177,0.0007491583925381589,-2.9703328839999994,1.0183562889847741,0.05091781444923871,-2.97
MET 218,R MET 218,0.0,0.0,0.0,-1.240855,0.30994613076307453,0.015497306538153727,-3.2572675000000038,1.0170950992624648,0.050854754963123236,2.096990000000001,0.5406141136707385,0.027030705683536927,-0.11987983799999996,0.02051518875216482,0.001025759437608241,-2.521012338000002,0.7507404503156905,0.03753702251578452,-2.52
ARG  83,R ARG  83,0.0,0.0,0.0,-1.8331175000000008,0.3529031364181255,0.017645156820906276,-23.947762499999964,1.3469409326676405,0.06734704663338202,23.51669000000003,1.0569872321359195,0.05284936160679597,-0.10234243799999998,0.023393547866985862,0.001169677393349293,-2.366532438000002,0.5942004774883224,0.029710023874416118,-2.37
UNK 289,L UNK   1,0.0,0.0,0.0,-13.139479999999994,1.3927498912582665,0.06963749456291332,-31.606267499999948,5.424814984029055,0.27124074920145275,44.85298249999998,4.339176498737465,0.21695882493687324,-2.4003177659999992,0.10184322440866579,0.005092161220433289,-2.2930827659999964,2.3563784824206335,0.11781892412103168,-2.29
TYR  87,R TYR  87,0.0,0.0,0.0,-1.1329950000000002,0.44093278963465343,0.02204663948173267,-4.2637699999999965,1.9550163610824465,0.09775081805412232,3.921204999999999,1.2164860636172614,0.06082430318086307,-0.20315730599999993,0.045051378840093075,0.002252568942004654,-1.678717306,1.0287250452053123,0.051436252260265616,-1.68
GLY  31,R GLY  31,0.0,0.0,0.0,-1.1158324999999991,0.2544617838571284,0.012723089192856422,-1.9182925000000024,0.6131580032452818,0.03065790016226409,1.901065000000001,0.4458057601411095,0.022290288007055476,-0.140902362,0.027747542452219814,0.0013873771226109908,-1.2739623619999993,0.33298536894088665,0.016649268447044334,-1.27
CYS  30,R CYS  30,0.0,0.0,0.0,-0.8640725000000002,0.30506543928106666,0.015253271964053332,-0.1686124999999998,1.0248811308360344,0.05124405654180172,0.2876649999999999,0.7006483588612763,0.03503241794306382,-0.07523202600000001,0.022626640614446438,0.001131332030722322,-0.8202520259999997,0.476720867913768,0.0238360433956884,-0.82
GLY 217,R GLY 217,0.0,0.0,0.0,-0.23010500000000003,0.07965669447698602,0.003982834723849301,-2.453682500000002,0.4254440464899445,0.021272202324497225,1.9002000000000003,0.2750150450429866,0.013750752252149329,-0.0019843740000000036,0.003583064309013164,0.0001791532154506582,-0.7855718740000001,0.27218709847849626,0.013609354923924812,-0.79
GLY  82,R GLY  82,0.0,0.0,0.0,-0.32597499999999996,0.11087695601431312,0.005543847800715656,-2.0237899999999964,0.7066128967829634,0.03533064483914817,1.6576700000000013,0.5263908254329611,0.026319541271648057,-0.05823467999999999,0.02410573116362168,0.0012052865581810841,-0.7503296800000007,0.3319412881711634,0.01659706440855817,-0.75
SER  32,R SER  32,0.0,0.0,0.0,-0.9347899999999995,0.38068027385195685,0.019034013692597843,-1.0311525000000004,1.3095890783920536,0.06547945391960268,1.7379849999999986,1.0001016322229501,0.05000508161114751,-0.16709941800000003,0.07573992979078119,0.0037869964895390594,-0.39505691799999987,0.48288114500878193,0.024144057250439097,-0.40
THR 113,R THR 113,0.0,0.0,0.0,-0.235755,0.04693255772915015,0.0023466278864575077,0.951395,0.21161213097315368,0.010580606548657685,-1.054405,0.20184899299971576,0.010092449649985787,-8.91e-06,0.00010249727752482013,5.124863876241007e-06,-0.33877391,0.10243324913518961,0.005121662456759481,-0.34
GLN  81,R GLN  81,0.0,0.0,0.0,-0.24505499999999983,0.16972790570498433,0.008486395285249217,-1.1636474999999993,1.1373440522743126,0.056867202613715626,1.1502624999999997,0.9512222682390015,0.04756111341195007,-0.02800166400000002,0.03871525626134359,0.0019357628130671795,-0.28644166400000065,0.30530593232209174,0.015265296616104587,-0.29
ALA 115,R ALA 115,0.0,0.0,0.0,-0.8093499999999996,0.25251051958285,0.012625525979142498,1.6008000000000016,0.48949905005014804,0.0244749525025074,-0.920362499999999,0.33672332276477457,0.01683616613823873,-0.13795475400000004,0.03723607042796365,0.0018618035213981824,-0.2668672539999998,0.2789949915439645,0.013949749577198226,-0.27
ILE  29,R ILE  29,0.0,0.0,0.0,-0.09656750000000006,0.015066533899672569,0.0007533266949836285,-0.2768625000000002,0.15089635049844566,0.007544817524922283,0.13559750000000004,0.14897137474612365,0.007448568737306182,0.0,0.0,0.0,-0.23783249999999964,0.05643367295994541,0.0028216836479972706,-0.24
MET  80,R MET  80,0.0,0.0,0.0,-0.08837,0.021917073253516224,0.0010958536626758113,0.11046000000000031,0.3585267471193747,0.017926337355968734,-0.13289999999999988,0.3219057082438892,0.01609528541219446,0.0,0.0,0.0,-0.11080999999999953,0.05622569608284155,0.0028112848041420774,-0.11
VAL 216,R VAL 216,0.0,0.0,0.0,-0.03381250000000003,0.00877481303219608,0.000438740651609804,0.007457499999999673,0.12996918170762653,0.006498459085381327,-0.07846500000000005,0.1186259616399378,0.00593129808199689,0.0,0.0,0.0,-0.10482000000000018,0.03315429987196177,0.0016577149935980886,-0.10
VAL 112,R VAL 112,0.0,0.0,0.0,-0.03850499999999997,0.006365922949581121,0.000318296147479056,-0.7092299999999995,0.07302271632855487,0.0036511358164277434,0.6443825,0.07415420550278555,0.0037077102751392776,0.0,0.0,0.0,-0.10335250000000026,0.027184798026653884,0.0013592399013326942,-0.10
LEU  34,R LEU  34,0.0,0.0,0.0,-0.08951,0.03464880806030717,0.0017324404030153585,-0.46101250000000005,0.7899899001530025,0.039499495007650126,0.47337000000000024,0.7690194230967115,0.038450971154835575,-0.000154692,0.0009315744081585752,4.657872040792876e-05,-0.07730719200000012,0.04750371582905811,0.0023751857914529055,-0.08
MET 193,R MET 193,0.0,0.0,0.0,-0.056369999999999996,0.010291166114682898,0.0005145583057341448,-0.7015474999999995,0.22130903222360832,0.011065451611180416,0.6987775000000006,0.2104992351381566,0.010524961756907831,0.0,0.0,0.0,-0.059139999999999616,0.021894186442981307,0.0010947093221490654,-0.06
PHE  84,R PHE  84,0.0,0.0,0.0,-0.0986174999999999,0.024481037432061866,0.0012240518716030934,0.6177949999999996,0.2505120315972863,0.012525601579864315,-0.5781749999999998,0.22730306723623467,0.011365153361811733,0.0,0.0,0.0,-0.058997500000000015,0.04556838261064367,0.0022784191305321834,-0.06
LYS  94,R LYS  94,0.0,0.0,0.0,-0.006190000000000033,0.001146254770982423,5.7312738549121155e-05,-10.007482500000002,0.3556088225758448,0.017780441128792242,9.967042500000002,0.35416139780291994,0.017708069890146,0.0,0.0,0.0,-0.046630000000000296,0.01003260185595004,0.000501630092797502,-0.05
LEU 239,R LEU 239,0.0,0.0,0.0,-0.04201999999999994,0.00930159126171455,0.00046507956308572754,0.4864974999999998,0.1022548287062774,0.0051127414353138705,-0.4881799999999998,0.10103260661786584,0.005051630330893292,0.0,0.0,0.0,-0.04370250000000023,0.014540598122154304,0.0007270299061077152,-0.04
ILE  28,R ILE  28,0.0,0.0,0.0,-0.013630000000000055,0.0023828764130772854,0.00011914382065386428,-0.06106749999999973,0.08267543736654742,0.0041337718683273714,0.037827500000000035,0.08197848951859259,0.004098924475929629,0.0,0.0,0.0,-0.03686999999999978,0.012421074832719156,0.0006210537416359578,-0.04
VAL 194,R VAL 194,0.0,0.0,0.0,-0.032262499999999944,0.007828064495774136,0.0003914032247887068,0.5081925000000002,0.13921663134751353,0.006960831567375677,-0.5112449999999996,0.1369638455031116,0.00684819227515558,0.0,0.0,0.0,-0.03531500000000004,0.021441333330742145,0.0010720666665371072,-0.04
PHE 237,R PHE 237,0.0,0.0,0.0,-0.019944999999999987,0.0025203124806261923,0.0001260156240313096,0.5902600000000003,0.09307076554966076,0.004653538277483038,-0.6043650000000002,0.09166709755959132,0.004583354877979566,0.0,0.0,0.0,-0.0340499999999994,0.010387131461573383,0.0005193565730786692,-0.03
SER 238,R SER 238,0.0,0.0,0.0,-0.02618499999999998,0.004830194095479098,0.0002415097047739549,-1.2563599999999997,0.27778063359420974,0.013889031679710487,1.2514100000000008,0.2752558299110052,0.01376279149555026,0.0,0.0,0.0,-0.031134999999999677,0.027743499689116387,0.0013871749844558193,-0.03
MET  79,R MET  79,0.0,0.0,0.0,-0.022394999999999943,0.005865490175594915,0.0002932745087797457,-0.6888500000000005,0.18086003566293893,0.009043001783146947,0.6804300000000003,0.18122272236118667,0.009061136118059334,0.0,0.0,0.0,-0.030814999999999832,0.011451671275407962,0.0005725835637703981,-0.03
VAL  95,R VAL  95,0.0,0.0,0.0,-0.01978499999999993,0.0024543379962833293,0.00012271689981416646,0.29784249999999995,0.08534018803441953,0.004267009401720976,-0.30838749999999976,0.0836220206868396,0.00418110103434198,0.0,0.0,0.0,-0.03032999999999999,0.012926759067918193,0.0006463379533959096,-0.03
VAL 221,R VAL 221,0.0,0.0,0.0,-0.015182499999999965,0.0021057525376929507,0.00010528762688464754,-0.2993575000000005,0.07185248564767752,0.003592624282383876,0.2906074999999998,0.07146088751023272,0.0035730443755116357,0.0,0.0,0.0,-0.023932500000000214,0.01316920437042426,0.000658460218521213,-0.02
VAL 111,R VAL 111,0.0,0.0,0.0,-0.007167499999999982,0.0008685872149646553,4.3429360748232766e-05,0.15919249999999996,0.06052421369790798,0.003026210684895399,-0.17509750000000024,0.060565237502629245,0.003028261875131462,0.0,0.0,0.0,-0.023072500000000055,0.007252740430348334,0.0003626370215174167,-0.02
PHE 199,R PHE 199,0.0,0.0,0.0,-0.06271750000000004,0.053623900396651526,0.0026811950198325765,-0.5291699999999996,0.09232264673415884,0.004616132336707942,0.5740149999999999,0.1037200548351188,0.00518600274175594,-0.005136245999999999,0.01935057013440907,0.0009675285067204536,-0.023008745999999962,0.0431410429058774,0.00215705214529387,-0.02
LYS 264,R LYS 264,0.0,0.0,0.0,-0.006747500000000003,0.0029797220927462236,0.00014898610463731117,-10.192215000000006,1.2069426949009943,0.06034713474504971,10.176887500000005,1.2084233466975551,0.060421167334877755,0.0,0.0,0.0,-0.022075000000000226,0.004957759070385764,0.0002478879535192882,-0.02
ARG 228,R ARG 228,0.0,0.0,0.0,-0.0012125000000000163,0.00041514304763537853,2.0757152381768927e-05,-8.857382499999996,0.2534587366689916,0.01267293683344958,8.838415,0.25243599738358996,0.012621799869179499,0.0,0.0,0.0,-0.020180000000000576,0.0017923727290933954,8.961863645466978e-05,-0.02
ARG  66,R ARG  66,0.0,0.0,0.0,-0.013265000000000006,0.002995792883361597,0.00014978964416807985,-9.198392499999995,0.46672927746583326,0.023336463873291663,9.193059999999994,0.46591330888926435,0.023295665444463216,0.0,0.0,0.0,-0.018597500000000124,0.006362821209966993,0.00031814106049834963,-0.02
LEU 270,R LEU 270,0.0,0.0,0.0,-0.01605749999999999,0.00344444389560928,0.000172222194780464,-0.45049499999999953,0.07243683438003094,0.0036218417190015473,0.4501600000000001,0.0720462309909394,0.00360231154954697,0.0,0.0,0.0,-0.01639249999999972,0.004625845193043054,0.0002312922596521527,-0.02
LYS  40,R LYS  40,0.0,0.0,0.0,-0.0013750000000000184,0.0004943429983320825,2.4717149916604125e-05,-8.463394999999993,0.6280508331140006,0.03140254165570003,8.449107499999995,0.6263257825955089,0.031316289129775444,0.0,0.0,0.0,-0.015662499999998577,0.0025746055523134864,0.00012873027761567431,-0.02
ARG 170,R ARG 170,0.0,0.0,0.0,-0.0007300000000000129,0.0004439594576084683,2.2197972880423416e-05,-7.392860000000004,0.1314616879547538,0.00657308439773769,7.378432499999995,0.13094269908530257,0.006547134954265128,0.0,0.0,0.0,-0.015157499999999687,0.0011347659450297212,5.673829725148606e-05,-0.02
ARG 100,R ARG 100,0.0,0.0,0.0,-0.0014650000000000008,0.0004987734956870938,2.493867478435469e-05,-8.51820499999999,0.19627924743893232,0.009813962371946617,8.504684999999998,0.19593992899624424,0.009796996449812212,0.0,0.0,0.0,-0.014985000000000354,0.0017101973570328591,8.550986785164295e-05,-0.01
ALA 215,R ALA 215,0.0,0.0,0.0,-0.005982499999999982,0.0011498668401167052,5.749334200583526e-05,-0.25435250000000015,0.08900763025578276,0.004450381512789138,0.24613499999999994,0.08730977479641078,0.004365488739820539,0.0,0.0,0.0,-0.014200000000000245,0.006595832017266487,0.00032979160086332433,-0.01
ARG 184,R ARG 184,0.0,0.0,0.0,-0.0006175000000000041,0.00048599768517967537,2.429988425898377e-05,-7.6686275,0.45773524961895923,0.02288676248094796,7.655095000000001,0.4567720667630217,0.022838603338151083,0.0,0.0,0.0,-0.014149999999999566,0.0015724185193511067,7.862092596755533e-05,-0.01
VAL 192,R VAL 192,0.0,0.0,0.0,-0.011719999999999993,0.002608946147393665,0.00013044730736968326,0.45487249999999935,0.11317858120576671,0.005658929060288335,-0.45719499999999996,0.1086727057498786,0.00543363528749393,0.0,0.0,0.0,-0.014042500000000312,0.009605763569337006,0.0004802881784668503,-0.01
GLY  35,R GLY  35,0.0,0.0,0.0,-0.04684000000000002,0.028923250163147174,0.0014461625081573586,-0.5891950000000002,0.3333867078559067,0.016669335392795335,0.6268,0.3299441922507499,0.016497209612537495,-0.004454244000000003,0.010036054790347844,0.0005018027395173922,-0.01368924399999988,0.025965758222606834,0.0012982879111303417,-0.01
LYS 269,R LYS 269,0.0,0.0,0.0,-0.0023725000000000495,0.0005373488159473472,2.6867440797367363e-05,-8.437459999999998,0.3008202509805452,0.01504101254902726,8.426419999999995,0.3008829067929101,0.015044145339645505,0.0,0.0,0.0,-0.013412500000000058,0.0020241896526770825,0.00010120948263385413,-0.01
ARG 132,R ARG 132,0.0,0.0,0.0,-0.0009775000000000378,0.00026831651085985653,1.3415825542992827e-05,-7.311017500000006,0.22275911248184121,0.01113795562409206,7.2990949999999994,0.2223986532670545,0.011119932663352724,0.0,0.0,0.0,-0.012900000000000418,0.0010271319292103277,5.135659646051639e-05,-0.01
LYS 243,R LYS 243,0.0,0.0,0.0,-0.0018650000000000166,0.0005165026621421526,2.582513310710763e-05,-7.409614999999999,0.20573796872478206,0.010286898436239103,7.398590000000002,0.20512958562812875,0.010256479281406437,0.0,0.0,0.0,-0.012890000000000304,0.001582055624810578,7.91027812405289e-05,-0.01
GLY  65,R GLY  65,0.0,0.0,0.0,-0.011462499999999992,0.003106218561209085,0.00015531092806045425,-0.7024075000000005,0.14449412252319818,0.007224706126159909,0.7013375000000005,0.1469150216749433,0.007345751083747165,0.0,0.0,0.0,-0.01253249999999993,0.009420400402848188,0.0004710200201424094,-0.01
ILE 240,R ILE 240,0.0,0.0,0.0,-0.011120000000000048,0.0017890220792377608,8.945110396188804e-05,-0.10472250000000027,0.06096913558309661,0.0030484567791548307,0.10478749999999999,0.060703108188543395,0.0030351554094271696,0.0,0.0,0.0,-0.011055000000000705,0.007302874434084373,0.00036514372170421864,-0.01
LYS 253,R LYS 253,0.0,0.0,0.0,-0.0002399999999999969,0.00042708313008124637,2.135415650406232e-05,-6.598994999999997,0.3660029302820011,0.018300146514100054,6.588667500000001,0.3647673805917188,0.018238369029585942,0.0,0.0,0.0,-0.010567500000000294,0.0015860150535228958,7.930075267614479e-05,-0.01
ARG 206,R ARG 206,0.0,0.0,0.0,-0.00045999999999998267,0.0004983974317750645,2.4919871588753227e-05,-6.444019999999998,0.18941474229843225,0.009470737114921612,6.4340024999999965,0.1887389533026449,0.009436947665132246,0.0,0.0,0.0,-0.010477500000000646,0.0010791171159804302,5.3955855799021514e-05,-0.01
LYS 122,R LYS 122,0.0,0.0,0.0,-0.0003375000000000189,0.000472857007984469,2.364285039922345e-05,-6.52093,0.31311531438111556,0.01565576571905578,6.511025,0.3121967638765209,0.015609838193826045,0.0,0.0,0.0,-0.010242499999999728,0.0012801147409516622,6.40057370475831e-05,-0.01
ARG 172,R ARG 172,0.0,0.0,0.0,-0.0003224999999999634,0.000467433150300607,2.3371657515030348e-05,-6.396787500000001,0.30296293064285623,0.015148146532142812,6.387379999999996,0.30231047054312676,0.015115523527156338,0.0,0.0,0.0,-0.009730000000000204,0.0010281536850106124,5.140768425053062e-05,-0.01
ARG 233,R ARG 233,0.0,0.0,0.0,-0.0006075000000000108,0.0004883070243197474,2.441535121598737e-05,-6.548257499999998,0.10111261639252826,0.005055630819626413,6.5394375,0.10085415754306079,0.00504270787715304,0.0,0.0,0.0,-0.009427500000000321,0.0010605393674917706,5.302696837458853e-05,-0.01
ARG 147,R ARG 147,0.0,0.0,0.0,-0.00041500000000001426,0.0004927220311697216,2.4636101558486077e-05,-6.338312499999997,0.39378030022308497,0.01968901501115425,6.329392499999996,0.39240886641843564,0.019620443320921784,0.0,0.0,0.0,-0.009334999999998744,0.00173717442992894,8.6858721496447e-05,-0.01
ARG 157,R ARG 157,0.0,0.0,0.0,-0.0001625000000000032,0.0003689088640843499,1.8445443204217494e-05,-6.137814999999998,0.2791742032764298,0.013958710163821489,6.128837499999994,0.27823491170920656,0.013911745585460327,0.0,0.0,0.0,-0.009139999999998665,0.0012126005112977557,6.0630025564887786e-05,-0.01
ARG 167,R ARG 167,0.0,0.0,0.0,-0.000259999999999998,0.00043863424398922236,2.193171219946112e-05,-5.848659999999996,0.16038360078278374,0.008019180039139187,5.840052499999996,0.15973978760410648,0.007986989380205324,0.0,0.0,0.0,-0.008867500000001059,0.001014861443745531,5.074307218727655e-05,-0.01
GLY  33,R GLY  33,0.0,0.0,0.0,-0.08131000000000001,0.03939751134272317,0.0019698755671361586,-0.8427225000000002,0.35929142836108635,0.01796457141805432,0.9251874999999998,0.35828759725079884,0.017914379862539943,-0.009953496,0.019523615861381412,0.0009761807930690706,-0.008798495999999737,0.06309397751816538,0.003154698875908269,-0.01
LEU 110,R LEU 110,0.0,0.0,0.0,-0.004379999999999999,0.0006860029154457012,3.4300145772285065e-05,-0.22816500000000045,0.06179969882612733,0.0030899849413063667,0.22378250000000005,0.06216514452448374,0.003108257226224187,0.0,0.0,0.0,-0.008762500000000522,0.004030644334347138,0.00020153221671735693,-0.01
LYS 210,R LYS 210,0.0,0.0,0.0,-0.0002500000000000069,0.0004330127018922307,2.1650635094611535e-05,-5.8927999999999985,0.2090009569356861,0.010450047846784305,5.884555000000005,0.2083944384452429,0.010419721922262145,0.0,0.0,0.0,-0.008495000000000355,0.0010246828777719147,5.123414388859573e-05,-0.01
ARG  75,R ARG  75,0.0,0.0,0.0,-0.00030499999999996643,0.0004604074282632209,2.3020371413161047e-05,-5.973835,0.11308966696827433,0.005654483348413716,5.965714999999997,0.11267785396891576,0.005633892698445788,0.0,0.0,0.0,-0.008424999999999657,0.0009297176990883266,4.6485884954416326e-05,-0.01
ARG  57,R ARG  57,0.0,0.0,0.0,-0.0021400000000000464,0.0007282856582412866,3.6414282912064334e-05,-7.093709999999999,0.24573232571229123,0.012286616285614562,7.087817500000003,0.244964036531282,0.012248201826564099,0.0,0.0,0.0,-0.0080324999999997,0.0019637830200923477,9.818915100461738e-05,-0.01
LYS 178,R LYS 178,0.0,0.0,0.0,-0.00013749999999999928,0.00034437443284889604,1.7218721642444803e-05,-5.634772499999996,0.3119590529921972,0.01559795264960986,5.627272499999997,0.3106403358287692,0.01553201679143846,0.0,0.0,0.0,-0.007637499999999722,0.0014598266164175362,7.29913308208768e-05,-0.01
ARG  23,R ARG  23,0.0,0.0,0.0,-0.0001974999999999949,0.00039811273528988193,1.9905636764494096e-05,-5.6997175,0.11899522130622187,0.005949761065311093,5.692625000000006,0.11859337829289975,0.005929668914644987,0.0,0.0,0.0,-0.007289999999999921,0.0008490583018843133,4.245291509421567e-05,-0.01
VAL  60,R VAL  60,0.0,0.0,0.0,-0.005689999999999992,0.0020913870995107682,0.0001045693549755384,-0.42209500000000055,0.08351584265874021,0.004175792132937011,0.42075999999999975,0.08116293735443819,0.004058146867721909,0.0,0.0,0.0,-0.00702499999999988,0.005840323193111787,0.00029201615965558934,-0.01
PHE 235,R PHE 235,0.0,0.0,0.0,-0.003297499999999962,0.0004888698702109207,2.4443493510546037e-05,0.2609825000000001,0.04265058257222294,0.002132529128611147,-0.26417750000000007,0.04280094617820933,0.0021400473089104666,0.0,0.0,0.0,-0.006492499999999669,0.002434120734475419,0.00012170603672377095,-0.01
LYS  10,R LYS  10,0.0,0.0,0.0,-0.00012500000000001732,0.0003307189138831197,1.6535945694155984e-05,-5.3263950000000015,0.17871703605140105,0.008935851802570052,5.320147500000002,0.17807870659827735,0.008903935329913867,0.0,0.0,0.0,-0.006372500000000676,0.0009266842774102351,4.6334213870511755e-05,-0.01
ARG 153,R ARG 153,0.0,0.0,0.0,-0.00011499999999998955,0.00031902194281895654,1.5951097140947826e-05,-5.319472500000002,0.0835938947754266,0.00417969473877133,5.313222499999994,0.08326477642935767,0.004163238821467884,0.0,0.0,0.0,-0.006364999999999128,0.0007257926701204908,3.628963350602454e-05,-0.01
PHE  97,R PHE  97,0.0,0.0,0.0,-0.003397500000000009,0.0005826609219777758,2.9133046098888792e-05,-0.27093749999999994,0.044400885055931656,0.0022200442527965827,0.26832750000000005,0.04450118249833301,0.0022250591249166505,0.0,0.0,0.0,-0.006007500000000343,0.0038088638397822424,0.00019044319198911213,-0.01
LEU  92,R LEU  92,0.0,0.0,0.0,-0.004015000000000033,0.0007034024452615548,3.5170122263077745e-05,0.2842424999999999,0.05392915439490851,0.0026964577197454253,-0.28593500000000016,0.053589231894102335,0.002679461594705117,0.0,0.0,0.0,-0.005707500000000063,0.0019954808317794925,9.977404158897463e-05,-0.01
ALA  27,R ALA  27,0.0,0.0,0.0,-0.0020675000000000034,0.0004449086984988786,2.2245434924943927e-05,-0.10153500000000008,0.04747471721874696,0.002373735860937348,0.09814999999999995,0.04759020382389644,0.002379510191194822,0.0,0.0,0.0,-0.005452500000000615,0.003557772301595076,0.0001778886150797538,-0.01
MET 129,R MET 129,0.0,0.0,0.0,-0.0050574999999999926,0.0007643256832005747,3.8216284160028734e-05,0.24120250000000032,0.05996145840246017,0.0029980729201230087,-0.24150499999999997,0.059730980027118366,0.002986549001355918,0.0,0.0,0.0,-0.005359999999999283,0.0020458250169559833,0.00010229125084779917,-0.01
LEU  37,R LEU  37,0.0,0.0,0.0,-0.007317499999999974,0.001619164522215067,8.095822611075335e-05,-0.5033874999999998,0.0544374167622761,0.002721870838113805,0.5053849999999995,0.05491089850840431,0.0027455449254202157,0.0,0.0,0.0,-0.005320000000000138,0.004057412968875189,0.00020287064844375945,-0.01
LYS  21,R LYS  21,0.0,0.0,0.0,-9.250000000000424e-05,0.0002897304782034636,1.448652391017318e-05,-4.958559999999997,0.17127659326376446,0.008563829663188223,4.9536050000000005,0.17069642343945127,0.008534821171972563,0.0,0.0,0.0,-0.005047500000000165,0.000894563441014909,4.4728172050745446e-05,-0.01
ILE 131,R ILE 131,0.0,0.0,0.0,-0.00814999999999996,0.0013275918047351227,6.637959023675613e-05,-0.22778999999999955,0.045797444251836184,0.0022898722125918093,0.23144500000000004,0.045919352946224734,0.0022959676473112366,0.0,0.0,0.0,-0.004494999999998955,0.0013928298532128848,6.964149266064425e-05,0.00
MET  86,R MET  86,0.0,0.0,0.0,-0.026967500000000023,0.0037008706745846167,0.00018504353372923084,-0.6973124999999996,0.1958130098940079,0.009790650494700395,0.7203225000000003,0.1940032177407107,0.009700160887035535,0.0,0.0,0.0,-0.003957499999999913,0.01906792316299937,0.0009533961581499686,0.00
LYS 286,R LYS 286,0.0,0.0,0.0,-5.499999999999616e-05,0.00022798026230354406,1.1399013115177203e-05,-4.617652499999998,0.1267427581511158,0.00633713790755579,4.6139225,0.12636495358195218,0.006318247679097609,0.0,0.0,0.0,-0.003784999999999323,0.0006883131554744609,3.4415657773723044e-05,0.00
PRO  61,R PRO  61,0.0,0.0,0.0,-0.01637999999999998,0.010964059467186435,0.0005482029733593218,-0.37011749999999977,0.1638497290011493,0.008192486450057466,0.3831049999999997,0.16090840243753682,0.008045420121876841,-0.0003175379999999997,0.0028937674860561946,0.00014468837430280974,-0.003710038000000018,0.011837340355137426,0.0005918670177568713,0.00
PHE 102,R PHE 102,0.0,0.0,0.0,-0.004302500000000049,0.0007848526931851478,3.924263465925739e-05,-0.3434649999999997,0.027431346576501387,0.0013715673288250694,0.3441699999999996,0.027545073969775097,0.0013772536984887548,0.0,0.0,0.0,-0.003597499999999871,0.002583697689360092,0.0001291848844680046,0.00
PHE 123,R PHE 123,0.0,0.0,0.0,-0.001609999999999947,0.00048774993593028086,2.4387496796514044e-05,-0.2187074999999997,0.04692783762064899,0.0023463918810324494,0.21695249999999974,0.04646176109178529,0.0023230880545892646,0.0,0.0,0.0,-0.003364999999999399,0.0011902835796569987,5.951417898284994e-05,0.00
VAL 274,R VAL 274,0.0,0.0,0.0,-0.002975000000000039,0.0006118619125260022,3.0593095626300115e-05,-0.32241749999999997,0.034025552071202586,0.0017012776035601293,0.3224949999999999,0.033905603887854394,0.0016952801943927198,0.0,0.0,0.0,-0.0028975000000001265,0.0012949879343065439,6.474939671532719e-05,0.00
ILE 128,R ILE 128,0.0,0.0,0.0,-0.004547499999999922,0.0007160612753109257,3.5803063765546285e-05,-0.3875500000000002,0.03046928781576339,0.0015234643907881694,0.38923500000000005,0.03046308873046051,0.0015231544365230255,0.0,0.0,0.0,-0.00286250000000006,0.001820327923754688,9.10163961877344e-05,0.00
GLY 236,R GLY 236,0.0,0.0,0.0,-0.003185000000000002,0.0005298820623497533,2.6494103117487663e-05,-0.5198450000000002,0.036541222954346406,0.0018270611477173202,0.5202549999999997,0.03573786472357677,0.0017868932361788385,0.0,0.0,0.0,-0.0027749999999998397,0.005074876845796445,0.00025374384228982227,0.00
VAL  78,R VAL  78,0.0,0.0,0.0,-0.002207499999999971,0.0004893298989434743,2.4466494947173713e-05,0.0794149999999997,0.039975902428838375,0.001998795121441919,-0.07993,0.03969162506121412,0.001984581253060706,0.0,0.0,0.0,-0.002722500000000334,0.0025962460881051473,0.00012981230440525736,0.00
VAL 101,R VAL 101,0.0,0.0,0.0,-0.0010649999999999848,0.0003402572556170205,1.7012862780851024e-05,-0.3028075000000001,0.02323328310312442,0.001161664155156221,0.3014275000000002,0.023117412133495652,0.0011558706066747827,0.0,0.0,0.0,-0.0024450000000006476,0.0011144393209145962,5.572196604572981e-05,0.00
LEU 119,R LEU 119,0.0,0.0,0.0,-0.002417500000000108,0.0005506303206325752,2.753151603162876e-05,-0.2436549999999999,0.03479218267082515,0.0017396091335412575,0.24368250000000016,0.03461230552491222,0.001730615276245611,0.0,0.0,0.0,-0.0023900000000003896,0.0010089103032477624,5.044551516238812e-05,0.00
LEU 137,R LEU 137,0.0,0.0,0.0,-0.002695000000000005,0.0006098975323774019,3.0494876618870094e-05,-0.3574600000000002,0.04650810036972325,0.0023254050184861623,0.35798500000000005,0.04640215269790857,0.002320107634895429,0.0,0.0,0.0,-0.0021700000000010084,0.001807235457819439,9.036177289097195e-05,0.00
PRO  98,R PRO  98,0.0,0.0,0.0,-0.008485,0.001532897583010714,7.66448791505357e-05,-0.5834599999999991,0.05542060447162365,0.0027710302235811825,0.5899950000000004,0.0549481116599973,0.002747405582999865,0.0,0.0,0.0,-0.0019499999999997453,0.003773923687622628,0.0001886961843811314,0.00
TRP  93,R TRP  93,0.0,0.0,0.0,-0.0023000000000000308,0.00047434164902529393,2.3717082451264698e-05,0.27986749999999994,0.06775950076373057,0.0033879750381865283,-0.2795125,0.06805677661886447,0.0034028388309432236,0.0,0.0,0.0,-0.0019450000000003698,0.0026489573420497145,0.00013244786710248573,0.00
VAL 226,R VAL 226,0.0,0.0,0.0,-0.0014824999999999667,0.0004996936561534505,2.4984682807672528e-05,-0.36054,0.022807967905974145,0.0011403983952987073,0.3603975,0.022653465380602464,0.001132673269030123,0.0,0.0,0.0,-0.0016250000000001096,0.0018759997334756682,9.379998667378341e-05,0.00
PHE 273,R PHE 273,0.0,0.0,0.0,-0.00245000000000001,0.0005172040216394304,2.586020108197152e-05,-0.32684500000000033,0.03760679426646247,0.0018803397133231234,0.3276850000000001,0.037254271902695604,0.0018627135951347802,0.0,0.0,0.0,-0.0016100000000009512,0.0012218428704219068,6.109214352109533e-05,0.00
GLY  36,R GLY  36,0.0,0.0,0.0,-0.007074999999999987,0.003097478813486876,0.0001548739406743438,-0.34717249999999994,0.06341255982650423,0.0031706279913252117,0.35265499999999966,0.06471244837742023,0.0032356224188710113,0.0,0.0,0.0,-0.001592499999999598,0.0032651866332572567,0.00016325933166286283,0.00
LEU 208,R LEU 208,0.0,0.0,0.0,-0.001964999999999979,0.0005905717568594394,2.952858784297197e-05,-0.16017750000000028,0.035871241876327196,0.00179356209381636,0.16055000000000008,0.03565855437338958,0.0017829277186694789,0.0,0.0,0.0,-0.0015925000000001522,0.0009035727696208996,4.517863848104498e-05,0.00
TYR 165,R TYR 165,0.0,0.0,0.0,-0.003687500000000088,0.0005829611908179995,2.9148059540899977e-05,-0.12345999999999996,0.05532836885359992,0.002766418442679996,0.12558000000000014,0.05502838903693233,0.0027514194518466163,0.0,0.0,0.0,-0.0015675000000003147,0.002263944290392103,0.00011319721451960516,0.00
PRO 138,R PRO 138,0.0,0.0,0.0,-0.004167500000000075,0.0006996025657471367,3.498012828735683e-05,-0.45227250000000024,0.03854508066861182,0.001927254033430591,0.4550949999999996,0.03894606494885353,0.0019473032474426766,0.0,0.0,0.0,-0.001345000000000137,0.0019406120168649714,9.703060084324857e-05,0.00
MET 278,R MET 278,0.0,0.0,0.0,-0.0007200000000000361,0.0004489988864128937,2.2449944320644685e-05,-0.21553749999999994,0.0853200949000293,0.004266004745001465,0.21499750000000004,0.08487645429534585,0.004243822714767293,0.0,0.0,0.0,-0.0012599999999996748,0.0009286549412995077,4.6432747064975384e-05,0.00
ALA 267,R ALA 267,0.0,0.0,0.0,-0.010677499999999984,0.002799731013865455,0.00013998655069327276,0.06383249999999979,0.1103044171543006,0.0055152208577150304,-0.0543475,0.10738008075872356,0.005369004037936178,0.0,0.0,0.0,-0.0011924999999999208,0.006231809027080443,0.0003115904513540222,0.00
TYR  49,R TYR  49,0.0,0.0,0.0,-0.016819999999999967,0.004230555519077901,0.00021152777595389503,-0.6461774999999997,0.11727154809991304,0.005863577404995652,0.6618700000000004,0.11550196145520125,0.005775098072760063,0.0,0.0,0.0,-0.0011274999999995139,0.00929684052514591,0.0004648420262572955,0.00
LEU 277,R LEU 277,0.0,0.0,0.0,-0.0008350000000000435,0.00039086442662387906,1.9543221331193952e-05,-0.2665174999999998,0.025339291500552065,0.0012669645750276032,0.2663575000000003,0.0252291437379416,0.00126145718689708,0.0,0.0,0.0,-0.0009950000000000592,0.0008426001424163576,4.213000712081788e-05,0.00
LEU 146,R LEU 146,0.0,0.0,0.0,-0.000507500000000003,0.000499943746835583,2.4997187341779152e-05,-0.11557749999999994,0.023698501930502082,0.0011849250965251042,0.11510500000000003,0.02364315915862332,0.001182157957931166,0.0,0.0,0.0,-0.0009799999999998271,0.0008243785538211891,4.121892769105945e-05,0.00
ILE 276,R ILE 276,0.0,0.0,0.0,-0.0004375000000000351,0.0004960783708246498,2.480391854123249e-05,-0.16168250000000028,0.015964858087374592,0.0007982429043687296,0.16121499999999978,0.01590577803818763,0.0007952889019093815,0.0,0.0,0.0,-0.0009050000000002262,0.0008160729134084225,4.080364567042112e-05,0.00
VAL  68,R VAL  68,0.0,0.0,0.0,-0.0030625000000000214,0.0007606535019310393,3.803267509655196e-05,0.1509249999999999,0.03980872234824944,0.001990436117412472,-0.14875750000000004,0.039640619240243834,0.0019820309620121918,0.0,0.0,0.0,-0.0008950000000003366,0.001203733774553245,6.0186688727662245e-05,0.00
VAL 224,R VAL 224,0.0,0.0,0.0,-0.006014999999999953,0.0008773682237237307,4.3868411186186534e-05,-0.389585,0.04295989728805495,0.0021479948644027476,0.39474499999999985,0.04310545180136871,0.0021552725900684357,0.0,0.0,0.0,-0.000855000000000127,0.003574769223320531,0.00017873846116602654,0.00
LEU 130,R LEU 130,0.0,0.0,0.0,-0.002060000000000002,0.0004017461885319678,2.008730942659839e-05,-0.045240000000000224,0.03929564097963029,0.0019647820489815146,0.04645750000000002,0.03932719407420263,0.001966359703710132,0.0,0.0,0.0,-0.0008425000000004789,0.0014841474825639347,7.420737412819673e-05,0.00
ILE  46,R ILE  46,0.0,0.0,0.0,-0.001225000000000016,0.00045207853300064597,2.2603926650032298e-05,-0.2598100000000001,0.029318149668761617,0.0014659074834380808,0.26024000000000014,0.029396128996857934,0.0014698064498428966,0.0,0.0,0.0,-0.0007950000000001456,0.0008734844016925001,4.3674220084625006e-05,0.00
ALA 279,R ALA 279,0.0,0.0,0.0,-0.00012499999999999735,0.0003307189138830668,1.653594569415334e-05,-0.1341775000000001,0.011677799182636632,0.0005838899591318317,0.13358250000000005,0.011574247005743455,0.0005787123502871727,0.0,0.0,0.0,-0.0007200000000000184,0.0006867313885356023,3.433656942678012e-05,0.00
LEU  16,R LEU  16,0.0,0.0,0.0,-0.0004949999999999787,0.0004999749993749459,2.4998749968747295e-05,-0.13380500000000028,0.019350244830491976,0.0009675122415245988,0.1335825000000001,0.019175718858753868,0.0009587859429376934,0.0,0.0,0.0,-0.0007175000000003606,0.0008109831995792757,4.0549159978963786e-05,0.00
ILE 245,R ILE 245,0.0,0.0,0.0,-0.0007075000000000364,0.0004603734896798725,2.3018674483993622e-05,-0.0813774999999999,0.031422284986136854,0.0015711142493068427,0.08137500000000006,0.031230103666174312,0.0015615051833087156,0.0,0.0,0.0,-0.0007099999999998352,0.0007911384202528681,3.955692101264341e-05,0.00
PRO 159,R PRO 159,0.0,0.0,0.0,-0.0001475000000000115,0.00035460365198347816,1.7730182599173908e-05,-0.17111000000000004,0.024227317226635143,0.001211365861331757,0.17057500000000003,0.024162457966853994,0.0012081228983426998,0.0,0.0,0.0,-0.0006825000000002368,0.000641633657159993,3.208168285799965e-05,0.00
LEU 104,R LEU 104,0.0,0.0,0.0,-0.0002700000000000147,0.00044395945760848605,2.2197972880424304e-05,-0.16131000000000015,0.014258642992936294,0.0007129321496468147,0.16094249999999988,0.01425760126213599,0.0007128800631067995,0.0,0.0,0.0,-0.0006374999999999631,0.000742356888564287,3.7117844428214355e-05,0.00
MET 161,R MET 161,0.0,0.0,0.0,-0.0003824999999999523,0.00048599768517961097,2.4299884258980548e-05,0.022654999999999818,0.03766013774536641,0.0018830068872683204,-0.022884999999999982,0.03747641625075701,0.0018738208125378506,0.0,0.0,0.0,-0.0006124999999999651,0.0007888876662743845,3.944438331371922e-05,0.00
SER  18,R SER  18,0.0,0.0,0.0,-8.249999999999313e-05,0.0002751249716037921,1.3756248580189607e-05,-0.13595249999999953,0.02677172470630182,0.0013385862353150909,0.13544749999999997,0.026668656579400526,0.0013334328289700264,0.0,0.0,0.0,-0.0005874999999995933,0.0006183395103015639,3.0916975515078195e-05,0.00
SER 280,R SER 280,0.0,0.0,0.0,-0.0001300000000000029,0.00033630343441601226,1.681517172080061e-05,-0.18042000000000008,0.034779284063937384,0.0017389642031968692,0.1800500000000001,0.03466961926528674,0.0017334809632643371,0.0,0.0,0.0,-0.0005000000000000625,0.0006964194138597983,3.482097069298992e-05,0.00
LEU  72,R LEU  72,0.0,0.0,0.0,-0.0009724999999999718,0.0003489179703024743,1.7445898515123713e-05,-0.08301749999999966,0.030830215596878603,0.0015415107798439302,0.08349250000000011,0.03063535447403842,0.001531767723701921,0.0,0.0,0.0,-0.0004974999999994151,0.0008031150291210765,4.015575145605383e-05,0.00
LEU 105,R LEU 105,0.0,0.0,0.0,-0.0004775000000000107,0.0004994934934511257,2.4974674672556285e-05,-0.15934750000000006,0.03551213516180089,0.0017756067580900446,0.15936499999999995,0.035311779550172964,0.0017655889775086483,0.0,0.0,0.0,-0.000459999999999785,0.0007638062581575985,3.8190312907879924e-05,0.00
LEU  41,R LEU  41,0.0,0.0,0.0,-0.0014375000000000115,0.0005109733358992125,2.5548666794960623e-05,-0.09396749999999997,0.03348785516795565,0.0016743927583977827,0.0949650000000001,0.033500727977164795,0.0016750363988582398,0.0,0.0,0.0,-0.00043999999999977613,0.0008522910301060463,4.261455150530231e-05,0.00
TYR 248,R TYR 248,0.0,0.0,0.0,-0.0002425000000000055,0.0004285950886326255,2.1429754431631273e-05,-0.10134249999999981,0.06296280801989389,0.0031481404009946943,0.10115500000000008,0.06280251567413507,0.0031401257837067537,0.0,0.0,0.0,-0.00042999999999987715,0.0007842831121473505,3.921415560736753e-05,0.00
ILE 281,R ILE 281,0.0,0.0,0.0,-0.00021000000000000573,0.00040730823708833735,2.036541185441687e-05,-0.066265,0.021659403846828254,0.0010829701923414127,0.06605500000000002,0.021622718954839953,0.0010811359477419977,0.0,0.0,0.0,-0.0004200000000001625,0.0007372923436466212,3.686461718233106e-05,0.00
LEU  17,R LEU  17,0.0,0.0,0.0,-0.00013999999999999123,0.00034698703145792783,1.734935157289639e-05,-0.057392500000000124,0.01740196666328252,0.000870098333164126,0.05715000000000001,0.017263183368081247,0.0008631591684040623,0.0,0.0,0.0,-0.0003824999999998946,0.0006791124722752959,3.395562361376479e-05,0.00
GLN 179,R GLN 179,0.0,0.0,0.0,-0.0001324999999999932,0.00033903355291178513,1.6951677645589257e-05,-0.09883249999999982,0.08116433603344524,0.0040582168016722615,0.0985825,0.08082950076395364,0.004041475038197682,0.0,0.0,0.0,-0.0003824999999997658,0.0007424242385590012,3.712121192795006e-05,0.00
PRO 282,R PRO 282,0.0,0.0,0.0,-6.500000000000394e-05,0.000246525860712436,1.23262930356218e-05,-0.0599949999999998,0.014023728997666716,0.0007011864498833358,0.059694999999999894,0.013932945668451175,0.0006966472834225588,0.0,0.0,0.0,-0.00036499999999971776,0.000605619517518947,3.028097587594735e-05,0.00
GLN 183,R GLN 183,0.0,0.0,0.0,-0.00021000000000000158,0.00040730823708832906,2.0365411854416452e-05,-0.06461500000000008,0.10517460137789895,0.0052587300688949476,0.06448000000000009,0.10468906151074218,0.00523445307553711,0.0,0.0,0.0,-0.00034500000000001305,0.000903313345411989,4.516566727059945e-05,0.00
GLY 139,R GLY 139,0.0,0.0,0.0,-0.0005024999999999771,0.0004999937499609137,2.4999687498045685e-05,-0.16321000000000002,0.029703971114987033,0.0014851985557493516,0.1633725,0.029597191484159163,0.0014798595742079581,0.0,0.0,0.0,-0.0003399999999999234,0.0008771544903833157,4.385772451916578e-05,0.00
PHE 140,R PHE 140,0.0,0.0,0.0,-0.0007149999999999979,0.00045141444372106475,2.2570722186053237e-05,-0.18487999999999968,0.026310750654438154,0.0013155375327219077,0.18527249999999987,0.026360922664997743,0.001318046133249887,0.0,0.0,0.0,-0.0003224999999998546,0.0008176146708567725,4.088073354283863e-05,0.00
GLY 155,R GLY 155,0.0,0.0,0.0,-6.25000000000031e-05,0.00024206145913797562,1.2103072956898782e-05,-0.07323250000000052,0.026615379834787015,0.0013307689917393508,0.07299250000000002,0.026490987972327497,0.0013245493986163749,0.0,0.0,0.0,-0.00030250000000058843,0.0006212839527945984,3.106419763972992e-05,0.00
LEU 174,R LEU 174,0.0,0.0,0.0,-0.0002775000000000238,0.0004477652844962796,2.238826422481398e-05,0.026409999999999628,0.026554131505285336,0.0013277065752642669,-0.026417500000000017,0.0263666113437051,0.001318330567185255,0.0,0.0,0.0,-0.00028500000000043156,0.0007607726335774111,3.803863167887055e-05,0.00
PHE 154,R PHE 154,0.0,0.0,0.0,-0.0004100000000000259,0.0004918333050943477,2.4591665254717384e-05,0.029239999999999922,0.043121194324832746,0.0021560597162416373,-0.029069999999999995,0.04278527901042598,0.002139263950521299,0.0,0.0,0.0,-0.00023999999999978428,0.0008873556220588249,4.436778110294124e-05,0.00
GLY 181,R GLY 181,0.0,0.0,0.0,-8.000000000000063e-05,0.0002712931993250129,1.3564659966250646e-05,-0.03391750000000005,0.023244906834616837,0.0011622453417308419,0.03375999999999999,0.023119416082591753,0.0011559708041295877,0.0,0.0,0.0,-0.00023750000000010595,0.000660373947093701,3.301869735468505e-05,0.00
HIE  19,R HIE  19,0.0,0.0,0.0,-0.00013499999999999623,0.00034172357249682604,1.7086178624841303e-05,-0.07129000000000023,0.06616873053036504,0.003308436526518252,0.07122000000000005,0.06587147789445744,0.003293573894722872,0.0,0.0,0.0,-0.0002050000000001706,0.0007892876535205772,3.946438267602886e-05,0.00
SER 175,R SER 175,0.0,0.0,0.0,-9.499999999998732e-05,0.0002932149382278759,1.4660746911393795e-05,-0.03662999999999959,0.056683446437209475,0.002834172321860474,0.03656250000000002,0.05651368058930505,0.0028256840294652525,0.0,0.0,0.0,-0.0001624999999995058,0.0006827105902208059,3.41355295110403e-05,0.00
ALA 227,R ALA 227,0.0,0.0,0.0,-0.000977500000000031,0.00030330471476718615,1.5165235738359307e-05,-0.32609999999999983,0.01963364459289332,0.000981682229644666,0.3269224999999999,0.019626295976320065,0.0009813147988160032,0.0,0.0,0.0,-0.00015500000000010728,0.0009853806371155458,4.9269031855777285e-05,0.00
MET 180,R MET 180,0.0,0.0,0.0,-0.0005274999999999986,0.000499243177219276,2.4962158860963798e-05,-0.03398499999999935,0.03975449377114487,0.0019877246885572435,0.034370000000000046,0.03954159961357147,0.0019770799806785736,0.0,0.0,0.0,-0.0001424999999991683,0.0008198742281593752,4.099371140796876e-05,0.00
ASN  11,R ASN  11,0.0,0.0,0.0,-0.000125000000000004,0.00033071891388308447,1.6535945694154222e-05,-0.009869999999999735,0.09605278809071556,0.004802639404535778,0.00985749999999998,0.0956973729720414,0.00478486864860207,0.0,0.0,0.0,-0.0001375000000000881,0.0007507288125544112,3.7536440627720564e-05,0.00
ILE  52,R ILE  52,0.0,0.0,0.0,-0.0008975000000000532,0.0003492760369678888,1.746380184839444e-05,0.044712499999999655,0.020821619623603033,0.0010410809811801517,-0.043947499999999994,0.020685012539275953,0.0010342506269637977,0.0,0.0,0.0,-0.00013250000000083695,0.0007648161543800578,3.824080771900289e-05,0.00
MET 246,R MET 246,0.0,0.0,0.0,-0.0005049999999999887,0.0004999749993749562,2.499874996874781e-05,-0.05387749999999976,0.07486195625115591,0.0037430978125577953,0.05425999999999991,0.07456243960601089,0.0037281219803005443,0.0,0.0,0.0,-0.0001224999999998422,0.0008902211803813021,4.45110590190651e-05,0.00
GLN 171,R GLN 171,0.0,0.0,0.0,-0.00020000000000000462,0.00040000000000000896,2.000000000000045e-05,0.002795000000000023,0.06957422637011493,0.0034787113185057463,-0.0027125000000000152,0.06922568052211547,0.0034612840261057736,0.0,0.0,0.0,-0.00011749999999993932,0.0007705152496867113,3.8525762484335566e-05,0.00
THR  20,R THR  20,0.0,0.0,0.0,-0.00014749999999998486,0.0003546036519834141,1.7730182599170703e-05,-0.041722500000000246,0.03756940901518179,0.0018784704507590895,0.04176749999999999,0.037355634698797435,0.0018677817349398718,0.0,0.0,0.0,-0.00010250000000029624,0.0007155373854667171,3.577686927333585e-05,0.00
VAL 244,R VAL 244,0.0,0.0,0.0,-0.0025550000000000295,0.0006648120035017719,3.3240600175088596e-05,-0.0971250000000002,0.053849460303702426,0.0026924730151851213,0.09958500000000002,0.05371459554906835,0.0026857297774534176,0.0,0.0,0.0,-9.500000000017383e-05,0.0009904418206031142,4.952209103015571e-05,0.00
LEU 251,R LEU 251,0.0,0.0,0.0,-8.500000000000007e-05,0.00027888169534768707,1.3944084767384353e-05,0.005962499999999551,0.04043452848432861,0.0020217264242164304,-0.005947499999999995,0.040273375122405614,0.0020136687561202807,0.0,0.0,0.0,-7.000000000053852e-05,0.0006856383886568792,3.428191943284396e-05,0.00
GLY  74,R GLY  74,0.0,0.0,0.0,-7.75000000000059e-05,0.00026738315204965867,1.3369157602482934e-05,-0.061315000000000064,0.01842744624195089,0.0009213723120975445,0.06132750000000004,0.018396065985693637,0.0009198032992846819,0.0,0.0,0.0,-6.49999999999895e-05,0.0006525143676575798,3.262571838287899e-05,0.00
PHE 158,R PHE 158,0.0,0.0,0.0,-0.00011500000000000288,0.00031902194281899346,1.5951097140949673e-05,-0.02900250000000046,0.039809326718119674,0.0019904663359059838,0.029057500000000007,0.03969199155686198,0.001984599577843099,0.0,0.0,0.0,-6.0000000000504095e-05,0.0006681317235396224,3.340658617698112e-05,0.00
LEU 186,R LEU 186,0.0,0.0,0.0,-0.0008475000000000432,0.0003663928902148711,1.8319644510743554e-05,-0.22651750000000015,0.029025673011146714,0.0014512836505573357,0.22732499999999997,0.028971181801922485,0.0014485590900961242,0.0,0.0,0.0,-4.000000000041082e-05,0.0007095068710028036,3.547534355014018e-05,0.00
GLY 148,R GLY 148,0.0,0.0,0.0,-0.00013249999999999457,0.00033903355291178865,1.6951677645589433e-05,-0.07718999999999941,0.050268517980939405,0.0025134258990469702,0.07729249999999992,0.05029544655085603,0.0025147723275428012,0.0,0.0,0.0,-2.9999999999110738e-05,0.0006849087530461665,3.424543765230832e-05,0.00
ALA 160,R ALA 160,0.0,0.0,0.0,-0.00010499999999999621,0.00030655342111937564,1.5327671055968782e-05,0.0035624999999997087,0.05876726209166064,0.0029383631045830317,-0.0034199999999999947,0.058481523577964274,0.002924076178898214,0.0,0.0,0.0,3.7499999999762726e-05,0.0007114026637566731,3.557013318783365e-05,0.00
ALA  44,R ALA  44,0.0,0.0,0.0,-0.00028249999999999884,0.0004502152263084822,2.251076131542411e-05,-0.20371249999999985,0.03420986471399742,0.001710493235699871,0.20403499999999994,0.0339447901009865,0.001697239505049325,0.0,0.0,0.0,4.0000000000296465e-05,0.0008052328855676709,4.0261644278383546e-05,0.00
ALA 173,R ALA 173,0.0,0.0,0.0,-0.00032250000000000334,0.0004674331503006647,2.3371657515033235e-05,-0.05697250000000004,0.027737370887486318,0.001386868544374316,0.05734250000000003,0.02749963988400567,0.0013749819942002835,0.0,0.0,0.0,4.749999999974761e-05,0.0008125538443697443,4.062769221848722e-05,0.00
GLY   3,R GLY   3,0.0,0.0,0.0,-0.00014749999999999348,0.0003546036519834348,1.773018259917174e-05,-0.07199750000000037,0.11222284746766109,0.005611142373383055,0.0721975,0.11114159209652331,0.005557079604826166,0.0,0.0,0.0,5.249999999965393e-05,0.0012588660572117696,6.294330286058848e-05,0.00
SER 162,R SER 162,0.0,0.0,0.0,-8.750000000000146e-05,0.0002825663638864377,1.4128318194321885e-05,0.012397499999999955,0.05699701302480678,0.002849850651240339,-0.012257500000000088,0.056777735017786685,0.0028388867508893343,0.0,0.0,0.0,5.249999999992816e-05,0.000689016509235984,3.44508254617992e-05,0.00
PRO 121,R PRO 121,0.0,0.0,0.0,-0.00031500000000001525,0.0004645158770160823,2.3225793850804115e-05,0.06772750000000011,0.030556558113603333,0.0015278279056801665,-0.06732999999999997,0.030372127024625745,0.0015186063512312871,0.0,0.0,0.0,8.250000000030066e-05,0.0007685660348989307,3.842830174494653e-05,0.00
GLY 106,R GLY 106,0.0,0.0,0.0,-0.00014000000000000901,0.00034698703145797185,1.7349351572898594e-05,-0.0822250000000004,0.02033456109681256,0.0010167280548406279,0.08247000000000007,0.020242260249289993,0.0010121130124644997,0.0,0.0,0.0,0.0001049999999992568,0.0006884584228548835,3.442292114274417e-05,0.00
PRO 145,R PRO 145,0.0,0.0,0.0,-0.0013700000000001111,0.000482804308182983,2.4140215409149152e-05,-0.18712750000000014,0.0446554167347031,0.002232770836735155,0.18860500000000008,0.04454384328950491,0.0022271921644752457,0.0,0.0,0.0,0.0001074999999990256,0.0010867123584467528,5.433561792233764e-05,0.00
VAL 207,R VAL 207,0.0,0.0,0.0,-0.0004225000000000256,0.000493957234991076,2.46978617495538e-05,-0.08613249999999992,0.025343834432658193,0.0012671917216329097,0.08666250000000005,0.025283365949770147,0.0012641682974885073,0.0,0.0,0.0,0.00010749999999980331,0.0008221579836021096,4.110789918010548e-05,0.00
PHE  69,R PHE  69,0.0,0.0,0.0,-0.0011150000000000038,0.00038311225508975955,1.9155612754487977e-05,0.06492749999999965,0.04600453503460321,0.0023002267517301606,-0.06368249999999998,0.04566729347957898,0.002283364673978949,0.0,0.0,0.0,0.0001299999999995638,0.0009100000000008817,4.550000000004408e-05,0.00
CYS 230,R CYS 230,0.0,0.0,0.0,-0.00035250000000004,0.0004777486263717054,2.388743131858527e-05,-0.15099250000000025,0.06906741231398522,0.003453370615699261,0.15148999999999987,0.06882924451132702,0.003441462225566351,0.0,0.0,0.0,0.00014499999999980417,0.0008625398541514112,4.312699270757056e-05,0.00
LEU 283,R LEU 283,0.0,0.0,0.0,-8.499999999999618e-05,0.0002788816953476743,1.3944084767383716e-05,0.05945500000000019,0.01961932656846354,0.0009809663284231769,-0.05920499999999997,0.01962493248396029,0.0009812466241980145,0.0,0.0,0.0,0.00016500000000020166,0.0006765907182331627,3.382953591165814e-05,0.00
LEU 211,R LEU 211,0.0,0.0,0.0,-0.00048250000000000013,0.0004996936561534473,2.4984682807672365e-05,-0.1178825000000002,0.054563208242826094,0.002728160412141305,0.11854749999999996,0.05421058700798237,0.0027105293503991183,0.0,0.0,0.0,0.00018249999999953026,0.0008684432911819303,4.342216455909652e-05,0.00
ALA  13,R ALA  13,0.0,0.0,0.0,-0.000162499999999981,0.00036890886408429954,1.8445443204214977e-05,0.0006499999999999062,0.019469527472438127,0.0009734763736219063,-0.00028000000000000117,0.019389858173797975,0.0009694929086898988,0.0,0.0,0.0,0.00020749999999990825,0.0006666661458333986,3.3333307291669935e-05,0.00
ALA 287,R ALA 287,0.0,0.0,0.0,-6.999999999999341e-05,0.0002551470164434375,1.2757350822171874e-05,0.025117500000000136,0.0268775685981822,0.00134387842990911,-0.024837499999999988,0.026770806744474428,0.0013385403372237214,0.0,0.0,0.0,0.0002100000000003205,0.0006171709649686447,3.0858548248432237e-05,0.00
TRP  15,R TRP  15,0.0,0.0,0.0,-0.0002924999999999889,0.00045491070552360486,2.2745535276180242e-05,-0.005515000000000043,0.017949366980481378,0.0008974683490240689,0.006042499999999989,0.017854710687938934,0.0008927355343969467,0.0,0.0,0.0,0.0002349999999998831,0.0007139852939660041,3.56992646983002e-05,0.00
TYR   6,R TYR   6,0.0,0.0,0.0,-0.00018999999999997464,0.00039230090491860814,1.9615045245930406e-05,0.09204500000000017,0.05679293948194594,0.002839646974097297,-0.09158999999999992,0.05651253754699044,0.002825626877349522,0.0,0.0,0.0,0.0002650000000003416,0.0007744514187469882,3.8722570937349406e-05,0.00
ALA 266,R ALA 266,0.0,0.0,0.0,-0.0029099999999999695,0.0006609841147864674,3.304920573932337e-05,-0.053062500000000165,0.06966558399776722,0.003483279199888361,0.05624750000000004,0.0691742816641416,0.0034587140832070796,0.0,0.0,0.0,0.00027499999999994364,0.0035319081245125798,0.000176595406225629,0.00
ALA 203,R ALA 203,0.0,0.0,0.0,-0.00030250000000001,0.00045934055993349104,2.296702799667455e-05,-0.022242500000000262,0.02919150036825835,0.0014595750184129175,0.022865000000000003,0.0290656459587603,0.0014532822979380152,0.0,0.0,0.0,0.00031999999999971634,0.0008292164976649666,4.146082488324833e-05,0.00
HIE 103,R HIE 103,0.0,0.0,0.0,-0.0005049999999999821,0.0004999749993749494,2.4998749968747468e-05,-0.030120000000000716,0.03822879281379394,0.001911439640689697,0.030962500000000007,0.03803204035744073,0.0019016020178720366,0.0,0.0,0.0,0.00033749999999926227,0.0008388049534898357,4.1940247674491784e-05,0.00
GLY 231,R GLY 231,0.0,0.0,0.0,-0.00018750000000000044,0.0003903123748999006,1.951561874499503e-05,-0.1335150000000006,0.027841691309975734,0.0013920845654987867,0.13404249999999987,0.027881099220619637,0.0013940549610309818,0.0,0.0,0.0,0.0003399999999996009,0.0007241546796087874,3.620773398043937e-05,0.00
SER 250,R SER 250,0.0,0.0,0.0,-0.00011499999999999067,0.0003190219428189596,1.595109714094798e-05,-0.021785000000000245,0.06683972452815756,0.003341986226407878,0.022265000000000024,0.0664486627028716,0.00332243313514358,0.0,0.0,0.0,0.00036499999999975994,0.0008042232277173704,4.021116138586852e-05,0.00
ALA 213,R ALA 213,0.0,0.0,0.0,-0.0010049999999999914,0.0003316247879757919,1.6581239398789596e-05,-0.2846549999999997,0.04134580964257408,0.002067290482128704,0.28604250000000003,0.04126676257898048,0.002063338128949024,0.0,0.0,0.0,0.0003825000000008646,0.0008894907250782344,4.447453625391172e-05,0.00
PRO 284,R PRO 284,0.0,0.0,0.0,-3.750000000000031e-05,0.00018998355191963485,9.499177595981742e-06,0.11194499999999995,0.015090459734547382,0.0007545229867273691,-0.1115,0.015075476775212983,0.0007537738387606492,0.0,0.0,0.0,0.00040750000000000286,0.000629637792702887,3.148188963514435e-05,0.00
THR 168,R THR 168,0.0,0.0,0.0,-0.00018250000000002542,0.00038625606791355577,1.9312803395677788e-05,-0.028692499999999902,0.05091142252726804,0.002545571126363402,0.02934249999999997,0.050683973736774,0.0025341986868387,0.0,0.0,0.0,0.00046750000000009615,0.0007375254232909863,3.6876271164549315e-05,0.00
THR  59,R THR  59,0.0,0.0,0.0,-0.009054999999999988,0.00520643592105005,0.0002603217960525025,-0.15956500000000026,0.19357846154724934,0.009678923077362466,0.16911250000000003,0.1881992291263439,0.009409961456317196,-1.1952000000000073e-05,0.00023874101301619858,1.193705065080993e-05,0.0004805479999999629,0.005945726006241248,0.0002972863003120624,0.00
VAL 234,R VAL 234,0.0,0.0,0.0,-0.0018199999999999306,0.00041545156155677727,2.0772578077838863e-05,-0.27149000000000034,0.03478282478465475,0.0017391412392327374,0.27382250000000036,0.03476889405416416,0.001738444702708208,0.0,0.0,0.0,0.0005124999999993874,0.0014421663392273423,7.210831696136711e-05,0.00
PRO  24,R PRO  24,0.0,0.0,0.0,-0.0003774999999999862,0.0004847615393159632,2.423807696579816e-05,-0.15485000000000024,0.0368939358160662,0.0018446967908033103,0.15576249999999994,0.036690613155819604,0.0018345306577909801,0.0,0.0,0.0,0.0005349999999998168,0.0008418877597395593,4.209438798697796e-05,0.00
HIE 229,R HIE 229,0.0,0.0,0.0,-0.0003675000000000428,0.0004821242059885125,2.4106210299425625e-05,-0.05473250000000029,0.08648699869778095,0.004324349934889048,0.05569499999999999,0.08589922569499679,0.00429496128474984,0.0,0.0,0.0,0.0005949999999994837,0.001025170717490421,5.125853587452105e-05,0.00
THR   5,R THR   5,0.0,0.0,0.0,-0.00013500000000000456,0.0003417235724968471,1.7086178624842357e-05,0.07944250000000012,0.037169297730116325,0.0018584648865058162,-0.07870249999999998,0.03695313239429101,0.0018476566197145505,0.0,0.0,0.0,0.0006050000000000711,0.0007307359304155388,3.653679652077694e-05,0.00
VAL 107,R VAL 107,0.0,0.0,0.0,-0.0006150000000000277,0.00048659531440409416,2.4329765720204708e-05,-0.14447749999999993,0.039317228968354365,0.001965861448417718,0.14570499999999997,0.03907247080746245,0.0019536235403731224,0.0,0.0,0.0,0.0006125000000000514,0.0008673775129664352,4.336887564832176e-05,0.00
HIE  22,R HIE  22,0.0,0.0,0.0,-0.00021250000000000213,0.00040907670429884323,2.0453835214942162e-05,-0.08720999999999968,0.04502472542947976,0.002251236271473988,0.08805500000000001,0.04475882008051605,0.0022379410040258025,0.0,0.0,0.0,0.0006325000000004621,0.0007631800246342346,3.8159001231711725e-05,0.00
PHE  55,R PHE  55,0.0,0.0,0.0,-0.003142499999999977,0.0007951061249920679,3.9755306249603396e-05,-0.24329749999999972,0.0374545590516038,0.00187272795258019,0.24715999999999969,0.03736220550235335,0.0018681102751176674,0.0,0.0,0.0,0.0007200000000003026,0.0015832245576669103,7.916122788334552e-05,0.00
TRP 177,R TRP 177,0.0,0.0,0.0,-0.0009150000000000613,0.0003358198922041705,1.6790994610208525e-05,0.030230000000000104,0.027844785867375325,0.0013922392933687663,-0.02856249999999998,0.0276633529014471,0.001383167645072355,0.0,0.0,0.0,0.0007525000000005378,0.0007623934351763114,3.811967175881557e-05,0.00
GLN  43,R GLN  43,0.0,0.0,0.0,-0.00018750000000000044,0.00039031237489990065,1.951561874499503e-05,0.09933500000000023,0.0775341716599847,0.0038767085829992352,-0.0983499999999998,0.07720801448036355,0.0038604007240181774,0.0,0.0,0.0,0.0007975000000003796,0.0007459850869820354,3.729925434910177e-05,0.00
THR 176,R THR 176,0.0,0.0,0.0,-0.00032000000000001363,0.0004664761515876434,2.332380757938217e-05,-0.10485499999999989,0.03692782115153873,0.0018463910575769367,0.10602999999999999,0.036644427952964596,0.0018322213976482299,0.0,0.0,0.0,0.0008550000000000057,0.0008910527481581704,4.455263740790852e-05,0.00
GLN 209,R GLN 209,0.0,0.0,0.0,-0.0005725000000000646,0.0004947158275212686,2.4735791376063428e-05,-0.14431749999999965,0.07232694306930197,0.0036163471534650985,0.14575750000000004,0.0720810910971106,0.0036040545548555298,0.0,0.0,0.0,0.0008675000000003052,0.0009512853147193539,4.7564265735967696e-05,0.00
ASN 150,R ASN 150,0.0,0.0,0.0,-0.0002674999999999983,0.00044265533996552765,2.2132766998276382e-05,0.012747499999999867,0.10241141901052814,0.005120570950526407,-0.011595000000000005,0.10168417268680513,0.005084208634340256,0.0,0.0,0.0,0.0008849999999998382,0.0010755347507172138,5.3776737535860694e-05,0.00
VAL  99,R VAL  99,0.0,0.0,0.0,-0.003685000000000036,0.0006448061724270038,3.224030862135019e-05,-0.30630000000000046,0.043981359687939536,0.002199067984396977,0.31087,0.044500989876629815,0.0022250494938314907,0.0,0.0,0.0,0.0008849999999996288,0.0024488313539321144,0.00012244156769660572,0.00
PRO  53,R PRO  53,0.0,0.0,0.0,-0.00023749999999999493,0.00042555111326372043,2.1277555663186023e-05,0.08162250000000017,0.04685301477759986,0.0023426507388799927,-0.08047250000000007,0.04646078178151973,0.0023230390890759864,0.0,0.0,0.0,0.0009125000000000938,0.0008245263792023146,4.122631896011573e-05,0.00
GLY  70,R GLY  70,0.0,0.0,0.0,-0.00025999999999999466,0.0004386342439892165,2.1931712199460824e-05,0.08351750000000006,0.05366944842039967,0.0026834724210199833,-0.08230750000000002,0.05350624210080538,0.002675312105040269,0.0,0.0,0.0,0.0009500000000002573,0.0007826237921245033,3.9131189606225166e-05,0.00
ALA  76,R ALA  76,0.0,0.0,0.0,-0.0002375000000000016,0.00042555111326373236,2.127755566318662e-05,0.0773099999999997,0.019993721514515284,0.0009996860757257643,-0.07608749999999997,0.020065140013217155,0.0010032570006608577,0.0,0.0,0.0,0.0009850000000001078,0.0007346938137746103,3.673469068873052e-05,0.00
THR  12,R THR  12,0.0,0.0,0.0,-0.0003349999999999542,0.00047199046600534075,2.3599523300267037e-05,-0.004407500000000067,0.043669685638323734,0.002183484281916187,0.005767500000000014,0.04326249465472373,0.0021631247327361866,0.0,0.0,0.0,0.0010250000000000493,0.0008856494791957342,4.428247395978671e-05,0.00
VAL 202,R VAL 202,0.0,0.0,0.0,-0.0007725000000000015,0.00043097998793447333,2.1548999396723667e-05,0.06525499999999994,0.0411613286350187,0.0020580664317509352,-0.06345250000000005,0.04098045563131277,0.0020490227815656388,0.0,0.0,0.0,0.0010299999999999645,0.0007642643521714555,3.821321760857277e-05,0.00
LEU  67,R LEU  67,0.0,0.0,0.0,-0.005052499999999957,0.0009948586583027608,4.974293291513804e-05,-0.07296999999999951,0.04865536044466159,0.002432768022233079,0.07906249999999995,0.04844732803519731,0.0024223664017598654,0.0,0.0,0.0,0.0010400000000004561,0.0021209431864149305,0.00010604715932074652,0.00
SER 275,R SER 275,0.0,0.0,0.0,-0.0006549999999999978,0.0004753682782853707,2.3768413914268535e-05,-0.17777250000000044,0.05025993179213482,0.002512996589606741,0.17947999999999986,0.04993124873263254,0.002496562436631627,0.0,0.0,0.0,0.001052499999999944,0.0012528941495595,6.2644707477975e-05,0.00
PRO 149,R PRO 149,0.0,0.0,0.0,-0.0003125000000000222,0.00046351240544351087,2.3175620272175542e-05,0.10190999999999992,0.10039545258626015,0.0050197726293130076,-0.10054250000000003,0.09973295941538074,0.004986647970769037,0.0,0.0,0.0,0.0010549999999994663,0.001054502252250116,5.272511261250581e-05,0.00
TYR   9,R TYR   9,0.0,0.0,0.0,-0.0007399999999999318,0.0004386342439891857,2.1931712199459286e-05,0.1288574999999993,0.034131249519318965,0.0017065624759659483,-0.12693750000000004,0.03394979519452201,0.0016974897597261003,0.0,0.0,0.0,0.001179999999999473,0.0009124691775609678,4.562345887804839e-05,0.00
VAL 125,R VAL 125,0.0,0.0,0.0,-0.002347499999999996,0.0005493120697745936,2.746560348872968e-05,-0.3603850000000004,0.034083233047935396,0.00170416165239677,0.3639249999999997,0.03406793763937162,0.0017033968819685809,0.0,0.0,0.0,0.0011924999999997582,0.0014214231424879362,7.107115712439681e-05,0.00
ASN  73,R ASN  73,0.0,0.0,0.0,-0.00026499999999999414,0.00044133320745213666,2.2066660372606833e-05,-0.008857500000000193,0.18705019966241682,0.00935250998312084,0.010322499999999986,0.1859515891132689,0.009297579455663445,0.0,0.0,0.0,0.001199999999999406,0.0014300349646075704,7.150174823037853e-05,0.00
PHE  71,R PHE  71,0.0,0.0,0.0,-0.0003249999999999975,0.0004683748498798759,2.3418742493993797e-05,0.08705750000000027,0.038413789109511064,0.0019206894554755533,-0.08549000000000002,0.03819652994710389,0.0019098264973551945,0.0,0.0,0.0,0.001242500000000244,0.0008594729489631837,4.297364744815918e-05,0.00
THR 190,R THR 190,0.0,0.0,0.0,-0.001437500000000056,0.0005010925563206756,2.505462781603378e-05,-0.003634999999999824,0.052691809372994884,0.002634590468649744,0.00634,0.05267418153137266,0.002633709076568633,0.0,0.0,0.0,0.0012674999999999193,0.001831923510957452,9.159617554787259e-05,0.00
GLY 142,R GLY 142,0.0,0.0,0.0,-0.00029749999999999807,0.0004571583423716526,2.285791711858263e-05,-0.06083500000000011,0.03629122173473884,0.001814561086736942,0.06248750000000003,0.036120282996538015,0.0018060141498269008,0.0,0.0,0.0,0.001354999999999802,0.0008567234092753992,4.283617046376996e-05,0.00
ASN  54,R ASN  54,0.0,0.0,0.0,-0.00032250000000000226,0.00046743315030066293,2.3371657515033146e-05,0.04649000000000001,0.10082564108400216,0.005041282054200108,-0.044752499999999994,0.1002100356438914,0.00501050178219457,0.0,0.0,0.0,0.0014149999999998996,0.0010113233904147413,5.0566169520737064e-05,0.00
ALA 254,R ALA 254,0.0,0.0,0.0,-0.00022249999999999327,0.0004159251735588859,2.0796258677944295e-05,0.0029974999999995687,0.0878008399376109,0.004390041996880545,-0.0013100000000000355,0.08752824629798085,0.004376412314899042,0.0,0.0,0.0,0.0014649999999995467,0.001033815747607164,5.169078738035821e-05,0.00
LEU 232,R LEU 232,0.0,0.0,0.0,-0.0008049999999999269,0.0003962007067131121,1.9810035335655607e-05,-0.04891750000000013,0.038977502405233865,0.0019488751202616933,0.05127499999999995,0.03874989516114849,0.0019374947580574244,0.0,0.0,0.0,0.0015524999999997249,0.0008615356928182636,4.3076784640913175e-05,0.00
THR  42,R THR  42,0.0,0.0,0.0,-0.00029249999999999556,0.00045491070552361473,2.2745535276180737e-05,0.15295749999999997,0.07163746012911103,0.0035818730064555515,-0.1510649999999999,0.07137009720464232,0.003568504860232116,0.0,0.0,0.0,0.0016000000000002345,0.000821583836257554,4.10791918128777e-05,0.00
ILE 225,R ILE 225,0.0,0.0,0.0,-0.0019499999999999873,0.0003500000000000074,1.750000000000037e-05,-0.3036549999999998,0.02568756459845948,0.001284378229922974,0.30725749999999996,0.025810873556506752,0.0012905436778253376,0.0,0.0,0.0,0.0016524999999999823,0.0013045090072512462,6.52254503625623e-05,0.00
GLY 189,R GLY 189,0.0,0.0,0.0,-0.0006974999999999909,0.00046475127756682213,2.3237563878341106e-05,0.11031750000000003,0.05262425005403843,0.0026312125027019217,-0.10796499999999988,0.0523435170293325,0.002617175851466625,0.0,0.0,0.0,0.001654999999999846,0.0010492735582302705,5.246367791151352e-05,0.00
ASN   2,R ASN   2,0.0,0.0,0.0,-0.00018999999999999462,0.0003923009049186495,1.9615045245932476e-05,0.10681500000000015,0.11280917859376509,0.0056404589296882544,-0.10494750000000014,0.11195996938080123,0.005597998469040062,0.0,0.0,0.0,0.0016775000000006735,0.0013850970182625992,6.925485091312995e-05,0.00
GLN  25,R GLN  25,0.0,0.0,0.0,-0.00031499999999995865,0.0004645158770159992,2.3225793850799958e-05,0.0761500000000003,0.06148908439715154,0.003074454219857577,-0.07405000000000006,0.061406778941742166,0.003070338947087108,0.0,0.0,0.0,0.001785000000000192,0.0008359276284470492,4.179638142235246e-05,0.00
CYS  77,R CYS  77,0.0,0.0,0.0,-0.0007725000000000093,0.0004424293728947107,2.2121468644735534e-05,-0.10591249999999999,0.06500469093650096,0.003250234546825048,0.10848999999999996,0.06499622989066359,0.003249811494533179,0.0,0.0,0.0,0.0018049999999999,0.0010709691872315798,5.354845936157899e-05,0.00
GLY 212,R GLY 212,0.0,0.0,0.0,-0.0002824999999999933,0.0004502152263084737,2.2510761315423687e-05,-0.0005275000000003871,0.03954098182582226,0.001977049091291113,0.0026850000000000064,0.03945187923280714,0.0019725939616403567,0.0,0.0,0.0,0.0018749999999994914,0.0008120190884462202,4.060095442231101e-05,0.00
MET 169,R MET 169,0.0,0.0,0.0,-0.0006750000000000123,0.0004683748498798862,2.3418742493994312e-05,-0.04134249999999984,0.09207116917770707,0.004603558458885353,0.043955,0.09166579501100725,0.004583289750550362,0.0,0.0,0.0,0.001937500000000214,0.0009426525075551498,4.713262537775749e-05,0.00
GLN  45,R GLN  45,0.0,0.0,0.0,-0.000427499999999994,0.0004947158275212068,2.4735791376060338e-05,0.10250999999999962,0.07323209610546484,0.003661604805273242,-0.09999499999999997,0.0730286585868863,0.003651432929344315,0.0,0.0,0.0,0.0020874999999993624,0.0008887315398924267,4.443657699462133e-05,0.00
GLY  89,R GLY  89,0.0,0.0,0.0,-0.004519999999999999,0.0009667471230886015,4.833735615443007e-05,-0.3974300000000003,0.05727988390351286,0.002863994195175643,0.4040675,0.05441523631989537,0.0027207618159947686,0.0,0.0,0.0,0.002117500000000349,0.005199393594449475,0.00025996967972247376,0.00
VAL  26,R VAL  26,0.0,0.0,0.0,-0.0009174999999999778,0.00033270670266769405,1.6635335133384703e-05,-0.10323249999999985,0.030858604047331654,0.0015429302023665828,0.10632250000000003,0.030968669550854016,0.0015484334775427008,0.0,0.0,0.0,0.002172499999999932,0.0012855908174840404,6.427954087420202e-05,0.00
TYR   4,R TYR   4,0.0,0.0,0.0,-0.0006075000000000231,0.0004883070243197573,2.441535121598786e-05,0.06359999999999999,0.07064644364722097,0.0035323221823610486,-0.06075999999999998,0.0700694826582871,0.0035034741329143548,0.0,0.0,0.0,0.002232499999999713,0.000991687324715036,4.9584366235751807e-05,0.00
PHE  47,R PHE  47,0.0,0.0,0.0,-0.001265000000000005,0.00044696196706204026,2.2348098353102013e-05,0.22963000000000058,0.029321802468470777,0.001466090123423539,-0.2261224999999997,0.0291520581391803,0.001457602906959015,0.0,0.0,0.0,0.0022425000000006745,0.0010647505576428158,5.323752788214079e-05,0.00
ASN 120,R ASN 120,0.0,0.0,0.0,-0.0006575000000000453,0.0004745458355101538,2.372729177550769e-05,-0.020117499999999885,0.04263629549749825,0.0021318147748749126,0.02306000000000002,0.042410097854166794,0.0021205048927083396,0.0,0.0,0.0,0.0022850000000000036,0.0009374299973866698,4.687149986933349e-05,0.00
VAL 259,R VAL 259,0.0,0.0,0.0,-0.0007574999999999566,0.0004936534715769491,2.4682673578847455e-05,0.1454925,0.06673102684471452,0.003336551342235726,-0.14229250000000004,0.06622493445636592,0.003311246722818296,0.0,0.0,0.0,0.002442499999999915,0.0010591004437729972,5.295502218864986e-05,0.00
ALA 261,R ALA 261,0.0,0.0,0.0,-0.0008975000000000144,0.0004711621270857783,2.3558106354288915e-05,0.23674000000000006,0.04999282348497705,0.0024996411742488527,-0.2333175000000002,0.0499996169360312,0.00249998084680156,0.0,0.0,0.0,0.002524999999999698,0.0010121141239999006,5.060570619999503e-05,0.00
GLY 118,R GLY 118,0.0,0.0,0.0,-0.002250000000000044,0.0005361902647381593,2.6809513236907967e-05,-0.053212500000000135,0.054396896453290156,0.0027198448226645076,0.05799249999999996,0.054398368024693625,0.0027199184012346813,0.0,0.0,0.0,0.0025299999999994806,0.0013689777207831527,6.844888603915763e-05,0.00
LEU 260,R LEU 260,0.0,0.0,0.0,-0.002875000000000003,0.0014051245496396675,7.025622748198338e-05,0.28065750000000006,0.049077644541582914,0.0024538822270791455,-0.27520999999999973,0.04802031757496124,0.002401015878748062,0.0,0.0,0.0,0.00257249999999985,0.001884076365225331,9.420381826126656e-05,0.00
HIE 256,R HIE 256,0.0,0.0,0.0,-0.0004974999999999474,0.0004999937499608829,2.4999687498044146e-05,0.3346224999999998,0.08592572370221888,0.004296286185110944,-0.33144249999999964,0.08535649766567434,0.004267824883283717,0.0,0.0,0.0,0.002682499999999506,0.0012396345227528925,6.198172613764463e-05,0.00
GLN 187,R GLN 187,0.0,0.0,0.0,-0.0009575000000000178,0.0002751249716038259,1.3756248580191294e-05,-0.06982749999999978,0.05471579062528447,0.0027357895312642233,0.07353500000000007,0.05472050598267518,0.002736025299133759,0.0,0.0,0.0,0.002750000000001087,0.0009861541461656574,4.9307707308282874e-05,0.00
ALA 164,R ALA 164,0.0,0.0,0.0,-0.0003674999999999973,0.00048212420598845254,2.4106210299422627e-05,0.14512500000000017,0.03713494816207475,0.0018567474081037376,-0.14187499999999992,0.037078421959409705,0.0018539210979704852,0.0,0.0,0.0,0.0028825000000001822,0.0009427055478781613,4.7135277393908064e-05,0.00
CYS 205,R CYS 205,0.0,0.0,0.0,-0.0015374999999999584,0.0005278198082678833,2.6390990413394163e-05,0.1816849999999998,0.03484437938893498,0.0017422189694467492,-0.17692250000000015,0.03430271846005765,0.0017151359230028825,0.0,0.0,0.0,0.003224999999999383,0.0009996874511568987,4.9984372557844934e-05,0.00
GLN 272,R GLN 272,0.0,0.0,0.0,-0.0011874999999999503,0.0004090767042988491,2.0453835214942454e-05,-0.08799750000000021,0.17306567393261438,0.00865328369663072,0.09244499999999994,0.17227050523812845,0.008613525261906422,0.0,0.0,0.0,0.0032599999999997744,0.0015897798589744063,7.948899294872031e-05,0.00
ILE 135,R ILE 135,0.0,0.0,0.0,-0.0018949999999999501,0.0004888506929523714,2.4442534647618567e-05,0.39216499999999954,0.037837848445706285,0.0018918924222853142,-0.3869275000000005,0.03741707155497024,0.001870853577748512,0.0,0.0,0.0,0.003342499999999875,0.0010536573209535675,5.268286604767838e-05,0.00
PRO  91,R PRO  91,0.0,0.0,0.0,-0.002870000000000008,0.0005080354318352583,2.5401771591762915e-05,0.47328999999999977,0.05773487594166853,0.002886743797083427,-0.4667774999999999,0.05690666036370403,0.0028453330181852014,0.0,0.0,0.0,0.0036424999999998286,0.002039532728347124,0.00010197663641735621,0.00
ALA 262,R ALA 262,0.0,0.0,0.0,-0.001045000000000016,0.00040984753262646504,2.0492376631323252e-05,0.133505,0.043178756061285115,0.002158937803064256,-0.12869500000000003,0.04329511490919042,0.002164755745459521,0.0,0.0,0.0,0.0037649999999998913,0.0010838703797044443,5.419351898522222e-05,0.00
GLY 126,R GLY 126,0.0,0.0,0.0,-0.0013899999999999462,0.0004978955713801872,2.4894778569009362e-05,-0.22732500000000028,0.07579729134342486,0.003789864567171243,0.23252750000000014,0.07529388583244954,0.0037646942916224773,0.0,0.0,0.0,0.003812499999999739,0.001377441015071415,6.887205075357074e-05,0.00
SER 141,R SER 141,0.0,0.0,0.0,-0.0006924999999999878,0.0004614582863054821,2.3072914315274105e-05,-0.14805000000000046,0.08943026612953772,0.004471513306476886,0.15258250000000018,0.0889746772612857,0.004448733863064285,0.0,0.0,0.0,0.003839999999999184,0.0012204097672508887,6.102048836254444e-05,0.00
GLY 117,R GLY 117,0.0,0.0,0.0,-0.012272499999999993,0.002617870078899958,0.0001308935039449979,0.20283750000000006,0.09092519504378326,0.004546259752189163,-0.186725,0.0892954331139056,0.00446477165569528,0.0,0.0,0.0,0.003839999999999719,0.004390261951182568,0.0002195130975591284,0.00
SER  50,R SER  50,0.0,0.0,0.0,-0.000789999999999994,0.0004537620521815342,2.268810260907671e-05,-0.16168750000000023,0.11491923182718375,0.005745961591359187,0.16637750000000012,0.11511059896356204,0.0057555299481781026,0.0,0.0,0.0,0.0039000000000000224,0.0016688319268279208,8.344159634139604e-05,0.00
THR 109,R THR 109,0.0,0.0,0.0,-0.0007425000000000081,0.000437257075414455,2.1862853770722748e-05,-0.025890000000000128,0.04121101673096673,0.002060550836548336,0.030877500000000033,0.0411238068975867,0.002056190344879335,0.0,0.0,0.0,0.004244999999999879,0.0011554111822205547,5.777055911102774e-05,0.00
THR 201,R THR 201,0.0,0.0,0.0,-0.0012125000000000154,0.0004442338910979407,2.2211694554897037e-05,0.11272500000000002,0.08976752962513801,0.0044883764812569,-0.10719499999999993,0.08933261988210144,0.004466630994105072,0.0,0.0,0.0,0.004317499999999632,0.0013083171442733357,6.541585721366679e-05,0.00
GLY  62,R GLY  62,0.0,0.0,0.0,-0.002672499999999992,0.0019079422816217551,9.539711408108775e-05,-0.08945500000000024,0.1267575361664937,0.006337876808324686,0.09658999999999997,0.1250207858717902,0.006251039293589509,0.0,0.0,0.0,0.004462499999998865,0.002927216040882171,0.00014636080204410857,0.00
PRO 222,R PRO 222,0.0,0.0,0.0,-0.011347499999999962,0.0015237269276351046,7.618634638175523e-05,-0.5594774999999997,0.04675355060046546,0.002337677530023273,0.5754199999999998,0.04711113031970614,0.002355556515985307,0.0,0.0,0.0,0.004594999999999857,0.008429470623947189,0.00042147353119735944,0.00
ALA  64,R ALA  64,0.0,0.0,0.0,-0.008472500000000004,0.005107763086714157,0.00025538815433570784,-0.02172499999999971,0.3429001667759873,0.017145008338799363,0.03488500000000003,0.32560427173948453,0.016280213586974228,0.0,0.0,0.0,0.00468750000000026,0.015949446502935484,0.0007974723251467742,0.00
THR  38,R THR  38,0.0,0.0,0.0,-0.00713750000000003,0.0026265174185601792,0.00013132587092800897,-0.3551349999999999,0.23741129243361597,0.011870564621680799,0.3673375,0.23758773872771724,0.011879386936385862,0.0,0.0,0.0,0.005065000000000244,0.0038756644591605317,0.00019378322295802658,0.01
ASN 144,R ASN 144,0.0,0.0,0.0,-0.0007024999999999726,0.0004571583423716372,2.285791711858186e-05,0.08354500000000022,0.09415934884545443,0.0047079674422727215,-0.07744249999999996,0.09397998028170682,0.004698999014085341,0.0,0.0,0.0,0.005400000000000329,0.0010954451150099033,5.477225575049517e-05,0.01
GLU 252,R GLU 252,0.0,0.0,0.0,-5.9999999999993395e-05,0.00023748684174073223,1.1874342087036612e-05,5.122137500000004,0.24268688385185733,0.012134344192592867,-5.116464999999998,0.24170880988295484,0.012085440494147743,0.0,0.0,0.0,0.005612499999999976,0.0011521040534607993,5.7605202673039967e-05,0.01
ASN 255,R ASN 255,0.0,0.0,0.0,-0.0009800000000000086,0.0006321392251711509,3.160696125855754e-05,0.041934999999999556,0.21598509387223963,0.010799254693611982,-0.035225000000000034,0.21500301015334655,0.010750150507667328,0.0,0.0,0.0,0.0057299999999995774,0.002526281852842232,0.0001263140926421116,0.01
GLU  14,R GLU  14,0.0,0.0,0.0,-8.999999999999898e-05,0.0002861817604250804,1.430908802125402e-05,5.276342499999999,0.13447429194372074,0.006723714597186037,-5.270262499999998,0.134025290873609,0.006701264543680451,0.0,0.0,0.0,0.005990000000000997,0.0007582216034911192,3.7911080174555956e-05,0.01
GLY 263,R GLY 263,0.0,0.0,0.0,-0.0029200000000000003,0.0007928429857166215,3.964214928583108e-05,0.1995625000000002,0.11451122693321371,0.005725561346660685,-0.1905225,0.11207077894683341,0.00560353894734167,0.0,0.0,0.0,0.006120000000000046,0.003196967312938493,0.00015984836564692466,0.01
GLU   7,R GLU   7,0.0,0.0,0.0,-7.750000000000145e-05,0.00026738315204964333,1.3369157602482167e-05,5.338155,0.11093306979876866,0.005546653489938433,-5.331892499999998,0.11047887102875768,0.005523943551437884,0.0,0.0,0.0,0.006185000000000258,0.0008004842284507471,4.0024211422537357e-05,0.01
HIE 134,R HIE 134,0.0,0.0,0.0,-0.0036000000000001144,0.0006745368781615442,3.372684390807721e-05,0.036124999999999935,0.09700538322691188,0.004850269161345594,-0.02630000000000003,0.09612426852777606,0.004806213426388803,0.0,0.0,0.0,0.006224999999999787,0.0018532066803252103,9.266033401626052e-05,0.01
THR 220,R THR 220,0.0,0.0,0.0,-0.14921249999999997,0.02865994319167448,0.001432997159583724,-0.09787750000000006,0.37581012159566696,0.01879050607978335,0.25331500000000007,0.3190463536463001,0.015952317682315004,0.0,0.0,0.0,0.006224999999999818,0.09555233840675983,0.004777616920337992,0.01
ASN 136,R ASN 136,0.0,0.0,0.0,-0.0015049999999999619,0.0005049504926228941,2.5247524631144704e-05,0.2315424999999996,0.06319120345230073,0.0031595601726150365,-0.2236974999999997,0.06312353755731863,0.0031561768778659315,0.0,0.0,0.0,0.0063399999999995595,0.0012366891282773599,6.1834456413868e-05,0.01
SER 198,R SER 198,0.0,0.0,0.0,-0.011255000000000006,0.003502138632321659,0.00017510693161608296,-0.05793499999999993,0.23554594196249706,0.011777297098124853,0.07593500000000006,0.2347749151314936,0.01173874575657468,0.0,0.0,0.0,0.0067450000000000565,0.006654320025367072,0.00033271600126835363,0.01
ASP 285,R ASP 285,0.0,0.0,0.0,-7.250000000000312e-05,0.00025931399885082524,1.2965699942541263e-05,5.4690650000000005,0.17064776815119984,0.008532388407559991,-5.462167499999993,0.16992829206409513,0.008496414603204756,0.0,0.0,0.0,0.006825000000000223,0.0009614442261519493,4.807221130759746e-05,0.01
GLN 265,R GLN 265,0.0,0.0,0.0,-0.0018149999999999922,0.0005574719723896121,2.7873598619480607e-05,0.12294250000000016,0.16169469438961137,0.008084734719480569,-0.11407499999999994,0.16079335923787405,0.008039667961893702,0.0,0.0,0.0,0.007052500000000474,0.0017434860911402915,8.717430455701458e-05,0.01
ALA 195,R ALA 195,0.0,0.0,0.0,-0.0052800000000000425,0.0013952060779684038,6.976030389842019e-05,0.10220750000000015,0.17755365229628514,0.008877682614814256,-0.08977499999999998,0.17542880144092643,0.008771440072046322,0.0,0.0,0.0,0.007152500000000525,0.0035020342302721644,0.00017510171151360822,0.01
ASP 156,R ASP 156,0.0,0.0,0.0,-0.00011000000000001287,0.00031288975694327694,1.5644487847163848e-05,5.577105000000001,0.2101776248200734,0.01050888124100367,-5.569767499999998,0.2093057534894392,0.01046528767447196,0.0,0.0,0.0,0.0072275000000003335,0.0010957845363031222,5.478922681515611e-05,0.01
PRO  56,R PRO  56,0.0,0.0,0.0,-0.0018074999999999996,0.0005748423696979706,2.874211848489853e-05,0.2901374999999994,0.03986870444032714,0.001993435222016357,-0.28100750000000013,0.03824483551735917,0.0019122417758679583,0.0,0.0,0.0,0.007322500000000307,0.0024491822614909234,0.00012245911307454617,0.01
GLU 152,R GLU 152,0.0,0.0,0.0,-8.500000000000619e-05,0.0002788816953477071,1.3944084767385355e-05,5.648817499999998,0.270126320808891,0.01350631604044455,-5.641122500000003,0.26897803347801336,0.013448901673900667,0.0,0.0,0.0,0.007609999999999779,0.0013258582126301104,6.629291063150553e-05,0.01
GLU   1,R GLU   1,0.0,0.0,0.0,-0.00031999999999999916,0.00046647615158762235,2.3323807579381118e-05,0.43138999999999994,0.6259584474228305,0.031297922371141526,-0.4230525000000008,0.6171058780661136,0.03085529390330568,0.0,0.0,0.0,0.008017499999999273,0.009604540267499392,0.0004802270133749696,0.01
ASP 151,R ASP 151,0.0,0.0,0.0,-0.0001424999999999943,0.0003495622262201542,1.747811131100771e-05,5.780180000000007,0.09421882826654872,0.004710941413327436,-5.771807500000001,0.0937240387719761,0.0046862019385988055,0.0,0.0,0.0,0.008230000000000856,0.000834925146345502,4.17462573172751e-05,0.01
ASP   8,R ASP   8,0.0,0.0,0.0,-0.000207500000000016,0.00040551664577428287,2.0275832288714142e-05,6.006922499999993,0.14829536909094643,0.007414768454547321,-5.997469999999995,0.1473772848848504,0.0073688642442425204,0.0,0.0,0.0,0.009244999999999486,0.0010999886363050571,5.499943181525286e-05,0.01
SER  58,R SER  58,0.0,0.0,0.0,-0.0018750000000000045,0.00067035438388959,3.35177191944795e-05,0.45032499999999986,0.11249866388095375,0.005624933194047688,-0.4383500000000003,0.11098178904667111,0.005549089452333555,0.0,0.0,0.0,0.010099999999999625,0.002598076211353653,0.00012990381056768264,0.01
GLN 143,R GLN 143,0.0,0.0,0.0,-0.0018625000000000091,0.0005085211401701839,2.5426057008509194e-05,0.12726499999999985,0.23698843806186018,0.011849421903093009,-0.11514250000000009,0.2353964893403255,0.011769824467016275,0.0,0.0,0.0,0.010259999999999945,0.0021546229368503565,0.00010773114684251783,0.01
ASP 247,R ASP 247,0.0,0.0,0.0,-0.00017000000000001126,0.00037563279941988374,1.8781639970994186e-05,6.2254225000000005,0.21857231982510703,0.010928615991255351,-6.214287500000004,0.21721019737498273,0.010860509868749136,0.0,0.0,0.0,0.010965000000000042,0.001556847776759926,7.78423888379963e-05,0.01
SER 288,R SER 288,0.0,0.0,0.0,-0.00018500000000000127,0.000388297566307081,1.941487831535405e-05,6.384897499999999,0.13089779216535727,0.006544889608267863,-6.373472500000002,0.13012203596508604,0.0065061017982543014,0.0,0.0,0.0,0.011239999999999029,0.001037978805178703,5.189894025893515e-05,0.01
THR  96,R THR  96,0.0,0.0,0.0,-0.004827500000000027,0.0007125614008631067,3.5628070043155336e-05,-0.27559500000000003,0.06941012876374733,0.0034705064381873665,0.2916974999999998,0.07054371689775128,0.003527185844887564,0.0,0.0,0.0,0.011275000000000106,0.004652888887562324,0.0002326444443781162,0.01
GLU 249,R GLU 249,0.0,0.0,0.0,-0.0002049999999999941,0.00040370162248867705,2.0185081124433852e-05,6.469657500000004,0.18380965750929742,0.00919048287546487,-6.457207499999999,0.18254793738542882,0.00912739686927144,0.0,0.0,0.0,0.01224500000000056,0.0014798564119540955,7.399282059770477e-05,0.01
ASP 163,R ASP 163,0.0,0.0,0.0,-0.00022000000000000575,0.0004142463035441701,2.0712315177208504e-05,6.439020000000005,0.20245663634463726,0.010122831817231863,-6.426185000000005,0.20100869576936414,0.010050434788468208,0.0,0.0,0.0,0.012614999999999465,0.0016238149525114563,8.119074762557282e-05,0.01
PRO 197,R PRO 197,0.0,0.0,0.0,-0.011700000000000033,0.0028539446385660644,0.00014269723192830323,0.5036499999999999,0.1639591793709632,0.00819795896854816,-0.4788499999999998,0.15742526004425145,0.007871263002212572,0.0,0.0,0.0,0.013100000000000129,0.006629856710367224,0.0003314928355183612,0.01
ASP 108,R ASP 108,0.0,0.0,0.0,-0.0003149999999999953,0.0004645158770160529,2.3225793850802645e-05,6.652977499999999,0.1497783762555549,0.007488918812777745,-6.639372499999995,0.14878104295837788,0.007439052147918894,0.0,0.0,0.0,0.013290000000000007,0.0012926329718829736,6.463164859414868e-05,0.01
GLN 268,R GLN 268,0.0,0.0,0.0,-0.004535000000000008,0.0016027398416461709,8.013699208230855e-05,-0.137805,0.3500701672165169,0.017503508360825846,0.15576499999999982,0.34565793029380953,0.017282896514690477,0.0,0.0,0.0,0.013424999999999852,0.0067771214390777105,0.0003388560719538855,0.01
GLU 185,R GLU 185,0.0,0.0,0.0,-0.0003025000000000094,0.00045934055993349023,2.296702799667451e-05,6.619760000000002,0.21945590080919955,0.010972795040459978,-6.6049925,0.21787144705941908,0.010893572352970953,0.0,0.0,0.0,0.01446500000000075,0.0017331402136014633,8.665701068007317e-05,0.01
GLU  51,R GLU  51,0.0,0.0,0.0,-0.0005000000000000227,0.0005000000000000223,2.5000000000001116e-05,6.488275000000003,0.2826627042517772,0.01413313521258886,-6.472829999999998,0.2799009933887595,0.013995049669437976,0.0,0.0,0.0,0.014945000000000253,0.002858666647232932,0.0001429333323616466,0.01
ASP 166,R ASP 166,0.0,0.0,0.0,-0.0004350000000000009,0.000495756996924905,2.478784984624525e-05,7.117105000000009,0.13007668497798675,0.006503834248899337,-7.100792499999999,0.12893608666228307,0.006446804333114153,0.0,0.0,0.0,0.015877500000000724,0.0014620170142652397,7.310085071326199e-05,0.02
GLU 258,R GLU 258,0.0,0.0,0.0,-0.00038499999999999423,0.0004865953144040664,2.432976572020332e-05,6.7841875000000025,0.3595676325028253,0.017978381625141267,-6.767175000000002,0.35594873840902413,0.017797436920451208,0.0,0.0,0.0,0.01662749999999951,0.0037059066029782985,0.00018529533014891491,0.02
ASN 242,R ASN 242,0.0,0.0,0.0,-0.00955750000000001,0.0032352270013091982,0.00016176135006545992,0.1988475,0.5071770837131246,0.025358854185656234,-0.17230000000000012,0.4983933035264419,0.024919665176322096,0.0,0.0,0.0,0.016990000000000192,0.010656448751812262,0.0005328224375906131,0.02
THR 241,R THR 241,0.0,0.0,0.0,-0.03663000000000003,0.009614733485645692,0.00048073667428228463,-0.4144299999999994,0.33530975246777406,0.016765487623388704,0.4689724999999999,0.32861784300879016,0.016430892150439507,-2.3490000000000038e-05,0.00046921238250924356,2.3460619125462177e-05,0.01788901000000036,0.01383262206741399,0.0006916311033706995,0.02
TYR 191,R TYR 191,0.0,0.0,0.0,-0.1070774999999998,0.03391093472244631,0.0016955467361223155,-0.29038000000000014,0.2641603596302825,0.013208017981514126,0.41688249999999977,0.20819503762998315,0.010409751881499157,0.0,0.0,0.0,0.019424999999999863,0.06487506743734495,0.0032437533718672473,0.02
GLU 182,R GLU 182,0.0,0.0,0.0,-0.00035500000000000196,0.0004785133226985449,2.3925666134927243e-05,7.177032499999998,0.19175728524307686,0.009587864262153844,-7.157149999999996,0.19004923704140453,0.009502461852070227,0.0,0.0,0.0,0.019527499999999646,0.0018945299548956554,9.472649774478277e-05,0.02
GLU 188,R GLU 188,0.0,0.0,0.0,-0.0007124999999999848,0.0004525966747557818,2.262983373778909e-05,7.225824999999994,0.16830562787713785,0.008415281393856892,-7.2045750000000055,0.16698290144487282,0.00834914507224364,0.0,0.0,0.0,0.020537499999999546,0.001641217155040113,8.206085775200565e-05,0.02
GLU 124,R GLU 124,0.0,0.0,0.0,-0.000925000000000007,0.00029895651857754415,1.4947825928877207e-05,7.52979999999999,0.18075423923154021,0.009037711961577011,-7.5079474999999976,0.1795131882169666,0.00897565941084833,0.0,0.0,0.0,0.020927499999999703,0.0016903383537028637,8.451691768514318e-05,0.02
GLY 196,R GLY 196,0.0,0.0,0.0,-0.006072500000000001,0.0014653476549952534,7.326738274976267e-05,0.7046250000000004,0.11473270839215613,0.005736635419607806,-0.6772100000000002,0.1116067690599425,0.005580338452997125,0.0,0.0,0.0,0.021342499999999705,0.003978089208402218,0.0001989044604201109,0.02
GLU 204,R GLU 204,0.0,0.0,0.0,-0.0008824999999999394,0.00045683011065380906,2.2841505532690454e-05,7.435385000000009,0.36870445044080036,0.018435222522040016,-7.412170000000003,0.364970678411298,0.0182485339205649,0.0,0.0,0.0,0.022332500000000054,0.003723834549224224,0.0001861917274612112,0.02
ASP 214,R ASP 214,0.0,0.0,0.0,-0.0015149999999999897,0.0005047524145558735,2.5237620727793675e-05,8.080369999999997,0.18034528854430276,0.009017264427215139,-8.054589999999997,0.17921429044593362,0.008960714522296681,0.0,0.0,0.0,0.02426500000000047,0.0019091293827286848,9.545646913643424e-05,0.02
HIE  63,R HIE  63,0.0,0.0,0.0,-0.03207250000000001,0.06606002757908908,0.0033030013789544536,0.15850750000000005,0.6321483607063692,0.031607418035318455,-0.09629250000000006,0.6223213253165527,0.031116066265827635,-0.005239188000000001,0.022591675624863604,0.0011295837812431801,0.02490331200000004,0.10268243739739054,0.005134121869869527,0.02
ASP 133,R ASP 133,0.0,0.0,0.0,-0.0011625000000000342,0.000407546009672505,2.037730048362525e-05,8.38927999999999,0.23121318431297125,0.011560659215648562,-8.3624625,0.22974641149272948,0.011487320574636474,0.0,0.0,0.0,0.025654999999999647,0.0019496089351460442,9.748044675730221e-05,0.03
ASP 127,R ASP 127,0.0,0.0,0.0,-0.002202499999999984,0.0004964813692375931,2.4824068461879654e-05,9.024374999999997,0.2133508129232352,0.010667540646161761,-8.996050000000004,0.21249346460522828,0.010624673230261414,0.0,0.0,0.0,0.026122499999999837,0.00253919155441212,0.000126959577720606,0.03
TYR  90,R TYR  90,0.0,0.0,0.0,-0.023484999999999978,0.007591098405369256,0.00037955492026846277,-0.2906800000000001,0.11849863965463903,0.005924931982731951,0.34344250000000015,0.1199009036402561,0.005995045182012805,-2.1510000000000002e-05,0.00042966191348547527,2.1483095674273765e-05,0.029255990000000055,0.008386910108013464,0.0004193455054006732,0.03
GLU 257,R GLU 257,0.0,0.0,0.0,-0.0008049999999999985,0.0005674284095813333,2.8371420479066665e-05,7.974247500000005,0.8937699347391439,0.0446884967369572,-7.9436574999999925,0.8828092830242682,0.04414046415121341,0.0,0.0,0.0,0.0297850000000002,0.010778625840059506,0.0005389312920029753,0.03
ASP  48,R ASP  48,0.0,0.0,0.0,-0.001859999999999986,0.0005199999999999303,2.599999999999652e-05,8.547034999999996,0.3718158667607895,0.018590793338039473,-8.511732500000004,0.36716352071485786,0.01835817603574289,0.0,0.0,0.0,0.0334425000000002,0.004994165971411243,0.00024970829857056217,0.03
ALA 116,R ALA 116,0.0,0.0,0.0,-0.09037000000000002,0.02393904968874072,0.001196952484437036,0.15922749999999986,0.1198883261362424,0.00599441630681212,-0.03128500000000001,0.10899903107367515,0.0054499515536837575,-5.0183999999999986e-05,0.0003375156265182399,1.6875781325911993e-05,0.037522315999999806,0.025580610650024274,0.0012790305325012137,0.04
ASP  39,R ASP  39,0.0,0.0,0.0,-0.0017949999999999843,0.0006541979822652867,3.270989911326434e-05,8.765625000000005,0.6892093726690932,0.03446046863345466,-8.721374999999998,0.6789925731368298,0.03394962865684149,0.0,0.0,0.0,0.042455000000000694,0.010121658707939359,0.0005060829353969679,0.04
GLU 271,R GLU 271,0.0,0.0,0.0,-0.0048699999999999785,0.0018501621550556556,9.250810775278279e-05,10.069909999999998,1.0678056971659255,0.05339028485829628,-10.013272499999992,1.0516950809259957,0.05258475404629979,0.0,0.0,0.0,0.05176750000000015,0.015420714761319999,0.0007710357380659999,0.05
GLU 200,R GLU 200,0.0,0.0,0.0,-0.0053850000000000555,0.0013121642427684336,6.560821213842168e-05,9.750055,0.4166913689710469,0.020834568448552346,-9.689017500000007,0.4094078799847125,0.020470393999235625,0.0,0.0,0.0,0.05565249999999995,0.006984750800852295,0.00034923754004261476,0.06
GLU 223,R GLU 223,0.0,0.0,0.0,-0.03801750000000004,0.0059830756095843,0.000299153780479215,16.624482499999992,0.5461768117505046,0.02730884058752523,-16.33471250000001,0.5072641272983055,0.025363206364915274,0.0,0.0,0.0,0.25175249999999977,0.06426535803798,0.003213267901899,0.25
GLU  88,R GLU  88,0.0,0.0,0.0,-0.11106500000000008,0.15987831552465143,0.007993915776232572,17.223944999999993,1.858884566608545,0.09294422833042724,-16.437864999999995,1.5490397611988371,0.07745198805994186,-0.012174119999999997,0.024165818490719474,0.0012082909245359737,0.6628408799999994,0.3349370377219086,0.01674685188609543,0.66
